2021-09-29 00:01,2,14,0
2021-09-29 00:01,3,5,0
2021-09-29 00:01,4,15,0
2021-09-29 00:01,6,6,0
2021-09-29 00:01,7,138,0
2021-09-29 00:01,10,5,2
2021-09-29 00:01,12,3,0
2021-09-29 00:01,13,1,0
2021-09-29 00:01,19,9,1
2021-09-29 00:01,22,32,0
2021-09-29 00:01,27,0,1
2021-09-29 00:06,2,13,0
2021-09-29 00:06,3,5,0
2021-09-29 00:06,4,14,0
2021-09-29 00:06,6,5,0
2021-09-29 00:06,7,138,0
2021-09-29 00:06,10,5,0
2021-09-29 00:06,12,3,0
2021-09-29 00:06,13,1,0
2021-09-29 00:06,19,9,0
2021-09-29 00:06,22,32,0
2021-09-29 00:06,27,0,0
2021-09-29 00:11,2,13,0
2021-09-29 00:11,3,5,0
2021-09-29 00:11,4,13,0
2021-09-29 00:11,6,5,0
2021-09-29 00:11,7,138,0
2021-09-29 00:11,10,5,0
2021-09-29 00:11,12,3,0
2021-09-29 00:11,13,1,0
2021-09-29 00:11,19,10,1
2021-09-29 00:11,22,32,0
2021-09-29 00:11,27,0,0
2021-09-29 00:16,2,13,0
2021-09-29 00:16,3,5,0
2021-09-29 00:16,4,12,0
2021-09-29 00:16,6,5,0
2021-09-29 00:16,7,137,0
2021-09-29 00:16,10,5,0
2021-09-29 00:16,12,3,0
2021-09-29 00:16,13,1,0
2021-09-29 00:16,19,9,0
2021-09-29 00:16,22,32,0
2021-09-29 00:16,27,0,0
2021-09-29 00:21,2,13,0
2021-09-29 00:21,3,5,0
2021-09-29 00:21,4,11,0
2021-09-29 00:21,6,5,0
2021-09-29 00:21,7,136,0
2021-09-29 00:21,10,5,0
2021-09-29 00:21,12,3,0
2021-09-29 00:21,13,1,0
2021-09-29 00:21,19,9,0
2021-09-29 00:21,22,32,0
2021-09-29 00:21,27,0,0
2021-09-29 00:26,2,13,0
2021-09-29 00:26,3,5,0
2021-09-29 00:26,4,11,0
2021-09-29 00:26,6,5,0
2021-09-29 00:26,7,136,0
2021-09-29 00:26,10,5,0
2021-09-29 00:26,12,3,0
2021-09-29 00:26,13,1,0
2021-09-29 00:26,19,8,0
2021-09-29 00:26,22,31,0
2021-09-29 00:26,27,0,1
2021-09-29 00:31,2,13,0
2021-09-29 00:31,3,5,0
2021-09-29 00:31,4,11,0
2021-09-29 00:31,6,5,0
2021-09-29 00:31,7,136,0
2021-09-29 00:31,10,5,0
2021-09-29 00:31,12,3,0
2021-09-29 00:31,13,1,0
2021-09-29 00:31,19,8,0
2021-09-29 00:31,22,32,1
2021-09-29 00:31,27,0,0
2021-09-29 00:36,2,12,0
2021-09-29 00:36,3,5,0
2021-09-29 00:36,4,12,1
2021-09-29 00:36,6,5,0
2021-09-29 00:36,7,136,0
2021-09-29 00:36,10,6,1
2021-09-29 00:36,12,2,0
2021-09-29 00:36,13,1,0
2021-09-29 00:36,19,9,1
2021-09-29 00:36,22,32,0
2021-09-29 00:36,27,0,0
2021-09-29 00:41,2,12,0
2021-09-29 00:41,3,5,0
2021-09-29 00:41,4,12,0
2021-09-29 00:41,6,5,0
2021-09-29 00:41,7,136,0
2021-09-29 00:41,10,5,0
2021-09-29 00:41,12,2,0
2021-09-29 00:41,13,1,0
2021-09-29 00:41,19,9,0
2021-09-29 00:41,22,32,0
2021-09-29 00:41,27,0,0
2021-09-29 00:46,2,12,0
2021-09-29 00:46,3,5,0
2021-09-29 00:46,4,11,0
2021-09-29 00:46,6,5,0
2021-09-29 00:46,7,137,1
2021-09-29 00:46,10,5,0
2021-09-29 00:46,12,2,0
2021-09-29 00:46,13,1,1
2021-09-29 00:46,19,9,0
2021-09-29 00:46,22,32,0
2021-09-29 00:46,27,0,0
2021-09-29 00:51,2,11,0
2021-09-29 00:51,3,5,0
2021-09-29 00:51,4,11,0
2021-09-29 00:51,6,5,0
2021-09-29 00:51,7,137,0
2021-09-29 00:51,10,5,1
2021-09-29 00:51,12,1,0
2021-09-29 00:51,13,2,1
2021-09-29 00:51,19,9,0
2021-09-29 00:51,22,32,0
2021-09-29 00:51,27,0,0
2021-09-29 00:56,2,11,0
2021-09-29 00:56,3,5,0
2021-09-29 00:56,4,10,0
2021-09-29 00:56,6,5,0
2021-09-29 00:56,7,137,0
2021-09-29 00:56,10,5,0
2021-09-29 00:56,12,1,0
2021-09-29 00:56,13,1,0
2021-09-29 00:56,19,9,0
2021-09-29 00:56,22,31,0
2021-09-29 00:56,27,0,0
2021-09-29 01:01,2,12,1
2021-09-29 01:01,3,5,0
2021-09-29 01:01,4,10,0
2021-09-29 01:01,6,5,0
2021-09-29 01:01,7,137,0
2021-09-29 01:01,10,5,0
2021-09-29 01:01,12,1,0
2021-09-29 01:01,13,1,0
2021-09-29 01:01,19,7,0
2021-09-29 01:01,22,31,0
2021-09-29 01:01,27,0,0
2021-09-29 01:06,2,12,0
2021-09-29 01:06,3,5,0
2021-09-29 01:06,4,10,0
2021-09-29 01:06,6,5,0
2021-09-29 01:06,7,137,0
2021-09-29 01:06,10,5,0
2021-09-29 01:06,12,1,0
2021-09-29 01:06,13,2,1
2021-09-29 01:06,19,7,0
2021-09-29 01:06,22,31,0
2021-09-29 01:06,27,0,0
2021-09-29 01:11,2,12,1
2021-09-29 01:11,3,4,0
2021-09-29 01:11,4,9,0
2021-09-29 01:11,6,5,0
2021-09-29 01:11,7,137,0
2021-09-29 01:11,10,5,0
2021-09-29 01:11,12,1,0
2021-09-29 01:11,13,2,0
2021-09-29 01:11,19,7,0
2021-09-29 01:11,22,31,0
2021-09-29 01:11,27,0,0
2021-09-29 01:16,2,12,0
2021-09-29 01:16,3,4,0
2021-09-29 01:16,4,9,0
2021-09-29 01:16,6,5,0
2021-09-29 01:16,7,137,0
2021-09-29 01:16,10,5,0
2021-09-29 01:16,12,1,0
2021-09-29 01:16,13,3,1
2021-09-29 01:16,19,7,0
2021-09-29 01:16,22,31,0
2021-09-29 01:16,27,0,0
2021-09-29 01:21,2,12,0
2021-09-29 01:21,3,4,0
2021-09-29 01:21,4,8,0
2021-09-29 01:21,6,5,0
2021-09-29 01:21,7,137,0
2021-09-29 01:21,10,5,0
2021-09-29 01:21,12,1,0
2021-09-29 01:21,13,3,0
2021-09-29 01:21,19,7,0
2021-09-29 01:21,22,31,0
2021-09-29 01:21,27,0,0
2021-09-29 01:26,2,12,0
2021-09-29 01:26,3,4,0
2021-09-29 01:26,4,6,0
2021-09-29 01:26,6,5,0
2021-09-29 01:26,7,137,0
2021-09-29 01:26,10,5,0
2021-09-29 01:26,12,1,0
2021-09-29 01:26,13,3,0
2021-09-29 01:26,19,7,0
2021-09-29 01:26,22,31,0
2021-09-29 01:26,27,0,0
2021-09-29 01:31,2,12,0
2021-09-29 01:31,3,4,0
2021-09-29 01:31,4,5,0
2021-09-29 01:31,6,5,0
2021-09-29 01:31,7,137,0
2021-09-29 01:31,10,5,0
2021-09-29 01:31,12,1,0
2021-09-29 01:31,13,1,0
2021-09-29 01:31,19,7,0
2021-09-29 01:31,22,31,0
2021-09-29 01:31,27,0,0
2021-09-29 01:36,2,12,0
2021-09-29 01:36,3,4,0
2021-09-29 01:36,4,5,0
2021-09-29 01:36,6,4,0
2021-09-29 01:36,7,137,0
2021-09-29 01:36,10,5,0
2021-09-29 01:36,12,1,0
2021-09-29 01:36,13,0,0
2021-09-29 01:36,19,7,0
2021-09-29 01:36,22,31,0
2021-09-29 01:36,27,0,0
2021-09-29 01:41,2,12,0
2021-09-29 01:41,3,4,0
2021-09-29 01:41,4,5,0
2021-09-29 01:41,6,3,0
2021-09-29 01:41,7,137,0
2021-09-29 01:41,10,5,0
2021-09-29 01:41,12,1,0
2021-09-29 01:41,13,1,1
2021-09-29 01:41,19,7,0
2021-09-29 01:41,22,32,1
2021-09-29 01:41,27,0,0
2021-09-29 01:46,2,12,0
2021-09-29 01:46,3,4,0
2021-09-29 01:46,4,4,0
2021-09-29 01:46,6,3,0
2021-09-29 01:46,7,137,0
2021-09-29 01:46,10,5,0
2021-09-29 01:46,12,1,0
2021-09-29 01:46,13,2,1
2021-09-29 01:46,19,7,0
2021-09-29 01:46,22,31,0
2021-09-29 01:46,27,0,0
2021-09-29 01:51,2,12,0
2021-09-29 01:51,3,4,0
2021-09-29 01:51,4,4,0
2021-09-29 01:51,6,3,0
2021-09-29 01:51,7,137,0
2021-09-29 01:51,10,5,0
2021-09-29 01:51,12,1,0
2021-09-29 01:51,13,2,0
2021-09-29 01:51,19,7,0
2021-09-29 01:51,22,31,0
2021-09-29 01:51,27,0,0
2021-09-29 01:56,2,12,0
2021-09-29 01:56,3,4,0
2021-09-29 01:56,4,4,0
2021-09-29 01:56,6,3,0
2021-09-29 01:56,7,138,1
2021-09-29 01:56,10,5,0
2021-09-29 01:56,12,1,0
2021-09-29 01:56,13,0,0
2021-09-29 01:56,19,7,0
2021-09-29 01:56,22,31,0
2021-09-29 01:56,27,0,0
2021-09-29 02:01,2,12,0
2021-09-29 02:01,3,4,0
2021-09-29 02:01,4,4,0
2021-09-29 02:01,6,3,0
2021-09-29 02:01,7,139,1
2021-09-29 02:01,10,5,0
2021-09-29 02:01,12,1,0
2021-09-29 02:01,13,0,0
2021-09-29 02:01,19,7,0
2021-09-29 02:01,22,31,0
2021-09-29 02:01,27,0,0
2021-09-29 02:06,2,12,0
2021-09-29 02:06,3,4,0
2021-09-29 02:06,4,4,0
2021-09-29 02:06,6,3,0
2021-09-29 02:06,7,139,0
2021-09-29 02:06,10,5,0
2021-09-29 02:06,12,1,0
2021-09-29 02:06,13,0,0
2021-09-29 02:06,19,7,0
2021-09-29 02:06,22,31,0
2021-09-29 02:06,27,0,0
2021-09-29 02:11,2,12,0
2021-09-29 02:11,3,4,0
2021-09-29 02:11,4,4,0
2021-09-29 02:11,6,3,0
2021-09-29 02:11,7,139,0
2021-09-29 02:11,10,5,0
2021-09-29 02:11,12,1,0
2021-09-29 02:11,13,0,0
2021-09-29 02:11,19,7,0
2021-09-29 02:11,22,31,0
2021-09-29 02:11,27,0,0
2021-09-29 02:16,2,11,0
2021-09-29 02:16,3,4,0
2021-09-29 02:16,4,4,0
2021-09-29 02:16,6,3,0
2021-09-29 02:16,7,139,0
2021-09-29 02:16,10,5,0
2021-09-29 02:16,12,1,0
2021-09-29 02:16,13,0,0
2021-09-29 02:16,19,7,0
2021-09-29 02:16,22,31,0
2021-09-29 02:16,27,0,0
2021-09-29 02:21,2,11,0
2021-09-29 02:21,3,4,0
2021-09-29 02:21,4,4,0
2021-09-29 02:21,6,3,0
2021-09-29 02:21,7,139,0
2021-09-29 02:21,10,5,0
2021-09-29 02:21,12,1,0
2021-09-29 02:21,13,0,0
2021-09-29 02:21,19,7,0
2021-09-29 02:21,22,31,0
2021-09-29 02:21,27,0,0
2021-09-29 02:26,2,11,0
2021-09-29 02:26,3,4,0
2021-09-29 02:26,4,4,0
2021-09-29 02:26,6,3,0
2021-09-29 02:26,7,139,0
2021-09-29 02:26,10,5,0
2021-09-29 02:26,12,1,0
2021-09-29 02:26,13,0,0
2021-09-29 02:26,19,7,0
2021-09-29 02:26,22,31,0
2021-09-29 02:26,27,0,0
2021-09-29 02:31,2,11,0
2021-09-29 02:31,3,4,0
2021-09-29 02:31,4,4,0
2021-09-29 02:31,6,3,0
2021-09-29 02:31,7,139,0
2021-09-29 02:31,10,5,0
2021-09-29 02:31,12,1,0
2021-09-29 02:31,13,0,0
2021-09-29 02:31,19,7,0
2021-09-29 02:31,22,31,0
2021-09-29 02:31,27,0,0
2021-09-29 02:36,2,11,0
2021-09-29 02:36,3,4,0
2021-09-29 02:36,4,4,0
2021-09-29 02:36,6,3,0
2021-09-29 02:36,7,139,0
2021-09-29 02:36,10,5,0
2021-09-29 02:36,12,1,0
2021-09-29 02:36,13,0,0
2021-09-29 02:36,19,7,0
2021-09-29 02:36,22,31,0
2021-09-29 02:36,27,0,0
2021-09-29 02:41,2,11,0
2021-09-29 02:41,3,4,0
2021-09-29 02:41,4,4,0
2021-09-29 02:41,6,3,0
2021-09-29 02:41,7,139,0
2021-09-29 02:41,10,5,0
2021-09-29 02:41,12,1,0
2021-09-29 02:41,13,0,0
2021-09-29 02:41,19,8,1
2021-09-29 02:41,22,31,0
2021-09-29 02:41,27,0,0
2021-09-29 02:46,2,11,0
2021-09-29 02:46,3,4,0
2021-09-29 02:46,4,4,0
2021-09-29 02:46,6,3,0
2021-09-29 02:46,7,139,0
2021-09-29 02:46,10,5,0
2021-09-29 02:46,12,1,0
2021-09-29 02:46,13,0,0
2021-09-29 02:46,19,8,0
2021-09-29 02:46,22,31,0
2021-09-29 02:46,27,0,0
2021-09-29 02:51,2,11,0
2021-09-29 02:51,3,4,0
2021-09-29 02:51,4,4,0
2021-09-29 02:51,6,3,0
2021-09-29 02:51,7,139,0
2021-09-29 02:51,10,5,0
2021-09-29 02:51,12,1,0
2021-09-29 02:51,13,0,0
2021-09-29 02:51,19,6,0
2021-09-29 02:51,22,31,0
2021-09-29 02:51,27,0,0
2021-09-29 02:56,2,11,0
2021-09-29 02:56,3,4,0
2021-09-29 02:56,4,4,0
2021-09-29 02:56,6,3,0
2021-09-29 02:56,7,139,0
2021-09-29 02:56,10,5,0
2021-09-29 02:56,12,1,0
2021-09-29 02:56,13,0,0
2021-09-29 02:56,19,6,0
2021-09-29 02:56,22,31,0
2021-09-29 02:56,27,0,0
2021-09-29 03:01,2,11,0
2021-09-29 03:01,3,4,0
2021-09-29 03:01,4,4,0
2021-09-29 03:01,6,3,0
2021-09-29 03:01,7,139,0
2021-09-29 03:01,10,5,0
2021-09-29 03:01,12,1,0
2021-09-29 03:01,13,0,0
2021-09-29 03:01,19,6,0
2021-09-29 03:01,22,31,0
2021-09-29 03:01,27,0,0
2021-09-29 03:06,2,11,0
2021-09-29 03:06,3,4,0
2021-09-29 03:06,4,4,0
2021-09-29 03:06,6,3,0
2021-09-29 03:06,7,139,0
2021-09-29 03:06,10,5,0
2021-09-29 03:06,12,1,0
2021-09-29 03:06,13,0,0
2021-09-29 03:06,19,6,0
2021-09-29 03:06,22,31,0
2021-09-29 03:06,27,0,0
2021-09-29 03:11,2,11,0
2021-09-29 03:11,3,4,0
2021-09-29 03:11,4,4,0
2021-09-29 03:11,6,3,0
2021-09-29 03:11,7,139,0
2021-09-29 03:11,10,5,0
2021-09-29 03:11,12,1,0
2021-09-29 03:11,13,0,0
2021-09-29 03:11,19,6,0
2021-09-29 03:11,22,31,0
2021-09-29 03:11,27,0,0
2021-09-29 03:16,2,11,0
2021-09-29 03:16,3,4,0
2021-09-29 03:16,4,4,0
2021-09-29 03:16,6,3,0
2021-09-29 03:16,7,140,1
2021-09-29 03:16,10,5,0
2021-09-29 03:16,12,1,0
2021-09-29 03:16,13,0,0
2021-09-29 03:16,19,5,0
2021-09-29 03:16,22,31,0
2021-09-29 03:16,27,0,0
2021-09-29 03:21,2,11,0
2021-09-29 03:21,3,4,0
2021-09-29 03:21,4,4,0
2021-09-29 03:21,6,3,0
2021-09-29 03:21,7,140,0
2021-09-29 03:21,10,5,0
2021-09-29 03:21,12,1,0
2021-09-29 03:21,13,0,0
2021-09-29 03:21,19,5,0
2021-09-29 03:21,22,31,0
2021-09-29 03:21,27,0,0
2021-09-29 03:26,2,11,0
2021-09-29 03:26,3,4,0
2021-09-29 03:26,4,4,0
2021-09-29 03:26,6,3,0
2021-09-29 03:26,7,140,0
2021-09-29 03:26,10,5,0
2021-09-29 03:26,12,1,0
2021-09-29 03:26,13,0,0
2021-09-29 03:26,19,5,0
2021-09-29 03:26,22,31,0
2021-09-29 03:26,27,0,0
2021-09-29 03:31,2,11,0
2021-09-29 03:31,3,4,0
2021-09-29 03:31,4,4,0
2021-09-29 03:31,6,3,0
2021-09-29 03:31,7,141,1
2021-09-29 03:31,10,5,0
2021-09-29 03:31,12,1,0
2021-09-29 03:31,13,0,0
2021-09-29 03:31,19,5,0
2021-09-29 03:31,22,31,0
2021-09-29 03:31,27,0,0
2021-09-29 03:36,2,11,0
2021-09-29 03:36,3,4,0
2021-09-29 03:36,4,4,0
2021-09-29 03:36,6,3,0
2021-09-29 03:36,7,141,0
2021-09-29 03:36,10,5,0
2021-09-29 03:36,12,1,0
2021-09-29 03:36,13,0,0
2021-09-29 03:36,19,5,0
2021-09-29 03:36,22,31,0
2021-09-29 03:36,27,0,0
2021-09-29 03:41,2,11,0
2021-09-29 03:41,3,4,0
2021-09-29 03:41,4,4,0
2021-09-29 03:41,6,3,0
2021-09-29 03:41,7,141,0
2021-09-29 03:41,10,5,0
2021-09-29 03:41,12,1,0
2021-09-29 03:41,13,0,0
2021-09-29 03:41,19,5,0
2021-09-29 03:41,22,31,0
2021-09-29 03:41,27,0,0
2021-09-29 03:46,2,11,0
2021-09-29 03:46,3,4,0
2021-09-29 03:46,4,4,0
2021-09-29 03:46,6,3,0
2021-09-29 03:46,7,141,0
2021-09-29 03:46,10,5,0
2021-09-29 03:46,12,1,0
2021-09-29 03:46,13,0,0
2021-09-29 03:46,19,5,0
2021-09-29 03:46,22,31,0
2021-09-29 03:46,27,0,0
2021-09-29 03:51,2,11,0
2021-09-29 03:51,3,4,0
2021-09-29 03:51,4,4,0
2021-09-29 03:51,6,3,0
2021-09-29 03:51,7,140,1
2021-09-29 03:51,10,5,0
2021-09-29 03:51,12,1,0
2021-09-29 03:51,13,0,0
2021-09-29 03:51,19,5,0
2021-09-29 03:51,22,31,0
2021-09-29 03:51,27,0,0
2021-09-29 03:56,2,11,0
2021-09-29 03:56,3,4,0
2021-09-29 03:56,4,4,0
2021-09-29 03:56,6,3,0
2021-09-29 03:56,7,140,0
2021-09-29 03:56,10,5,0
2021-09-29 03:56,12,1,0
2021-09-29 03:56,13,0,0
2021-09-29 03:56,19,5,0
2021-09-29 03:56,22,31,0
2021-09-29 03:56,27,0,0
2021-09-29 04:01,2,11,0
2021-09-29 04:01,3,4,0
2021-09-29 04:01,4,4,0
2021-09-29 04:01,6,3,0
2021-09-29 04:01,7,140,0
2021-09-29 04:01,10,5,0
2021-09-29 04:01,12,1,0
2021-09-29 04:01,13,0,0
2021-09-29 04:01,19,5,0
2021-09-29 04:01,22,31,0
2021-09-29 04:01,27,0,0
2021-09-29 04:06,2,11,0
2021-09-29 04:06,3,4,0
2021-09-29 04:06,4,4,0
2021-09-29 04:06,6,3,0
2021-09-29 04:06,7,140,0
2021-09-29 04:06,10,5,0
2021-09-29 04:06,12,1,0
2021-09-29 04:06,13,0,0
2021-09-29 04:06,19,5,0
2021-09-29 04:06,22,31,0
2021-09-29 04:06,27,0,0
2021-09-29 04:11,2,11,0
2021-09-29 04:11,3,4,0
2021-09-29 04:11,4,4,0
2021-09-29 04:11,6,3,0
2021-09-29 04:11,7,140,0
2021-09-29 04:11,10,5,0
2021-09-29 04:11,12,1,0
2021-09-29 04:11,13,0,0
2021-09-29 04:11,19,5,0
2021-09-29 04:11,22,31,0
2021-09-29 04:11,27,0,0
2021-09-29 04:16,2,11,0
2021-09-29 04:16,3,4,0
2021-09-29 04:16,4,4,0
2021-09-29 04:16,6,3,0
2021-09-29 04:16,7,140,0
2021-09-29 04:16,10,5,0
2021-09-29 04:16,12,1,0
2021-09-29 04:16,13,0,0
2021-09-29 04:16,19,5,0
2021-09-29 04:16,22,31,0
2021-09-29 04:16,27,0,0
2021-09-29 04:21,2,12,1
2021-09-29 04:21,3,4,0
2021-09-29 04:21,4,4,0
2021-09-29 04:21,6,3,0
2021-09-29 04:21,7,140,0
2021-09-29 04:21,10,5,0
2021-09-29 04:21,12,1,0
2021-09-29 04:21,13,0,0
2021-09-29 04:21,19,5,0
2021-09-29 04:21,22,31,0
2021-09-29 04:21,27,0,0
2021-09-29 04:26,2,11,0
2021-09-29 04:26,3,4,0
2021-09-29 04:26,4,4,0
2021-09-29 04:26,6,3,0
2021-09-29 04:26,7,140,0
2021-09-29 04:26,10,5,0
2021-09-29 04:26,12,1,0
2021-09-29 04:26,13,0,0
2021-09-29 04:26,19,5,0
2021-09-29 04:26,22,31,0
2021-09-29 04:26,27,0,0
2021-09-29 04:31,2,11,0
2021-09-29 04:31,3,4,0
2021-09-29 04:31,4,4,0
2021-09-29 04:31,6,3,0
2021-09-29 04:31,7,140,0
2021-09-29 04:31,10,5,0
2021-09-29 04:31,12,1,0
2021-09-29 04:31,13,0,0
2021-09-29 04:31,19,5,0
2021-09-29 04:31,22,31,0
2021-09-29 04:31,27,0,0
2021-09-29 04:36,2,11,0
2021-09-29 04:36,3,4,0
2021-09-29 04:36,4,4,0
2021-09-29 04:36,6,3,0
2021-09-29 04:36,7,140,0
2021-09-29 04:36,10,5,0
2021-09-29 04:36,12,1,0
2021-09-29 04:36,13,0,0
2021-09-29 04:36,19,5,0
2021-09-29 04:36,22,31,0
2021-09-29 04:36,27,0,0
2021-09-29 04:41,2,11,0
2021-09-29 04:41,3,4,0
2021-09-29 04:41,4,4,0
2021-09-29 04:41,6,3,0
2021-09-29 04:41,7,140,0
2021-09-29 04:41,10,5,0
2021-09-29 04:41,12,1,0
2021-09-29 04:41,13,0,0
2021-09-29 04:41,19,5,0
2021-09-29 04:41,22,31,0
2021-09-29 04:41,27,0,0
2021-09-29 04:46,2,11,0
2021-09-29 04:46,3,4,0
2021-09-29 04:46,4,4,0
2021-09-29 04:46,6,3,0
2021-09-29 04:46,7,140,0
2021-09-29 04:46,10,5,0
2021-09-29 04:46,12,1,0
2021-09-29 04:46,13,0,0
2021-09-29 04:46,19,5,0
2021-09-29 04:46,22,31,0
2021-09-29 04:46,27,0,0
2021-09-29 04:51,2,11,0
2021-09-29 04:51,3,4,0
2021-09-29 04:51,4,4,0
2021-09-29 04:51,6,3,0
2021-09-29 04:51,7,140,0
2021-09-29 04:51,10,5,0
2021-09-29 04:51,12,1,0
2021-09-29 04:51,13,0,2
2021-09-29 04:51,19,5,0
2021-09-29 04:51,22,31,0
2021-09-29 04:51,27,0,0
2021-09-29 04:56,2,11,0
2021-09-29 04:56,3,4,0
2021-09-29 04:56,4,4,0
2021-09-29 04:56,6,3,0
2021-09-29 04:56,7,140,0
2021-09-29 04:56,10,5,0
2021-09-29 04:56,12,1,0
2021-09-29 04:56,13,0,1
2021-09-29 04:56,19,5,0
2021-09-29 04:56,22,31,0
2021-09-29 04:56,27,0,0
2021-09-29 05:01,2,12,1
2021-09-29 05:01,3,4,0
2021-09-29 05:01,4,4,0
2021-09-29 05:01,6,3,0
2021-09-29 05:01,7,140,0
2021-09-29 05:01,10,5,0
2021-09-29 05:01,12,1,0
2021-09-29 05:01,13,0,0
2021-09-29 05:01,19,5,0
2021-09-29 05:01,22,32,1
2021-09-29 05:01,27,0,0
2021-09-29 05:06,2,12,0
2021-09-29 05:06,3,4,0
2021-09-29 05:06,4,4,0
2021-09-29 05:06,6,5,2
2021-09-29 05:06,7,140,0
2021-09-29 05:06,10,5,0
2021-09-29 05:06,12,1,0
2021-09-29 05:06,13,0,0
2021-09-29 05:06,19,5,1
2021-09-29 05:06,22,31,0
2021-09-29 05:06,27,0,0
2021-09-29 05:11,2,12,0
2021-09-29 05:11,3,4,0
2021-09-29 05:11,4,4,0
2021-09-29 05:11,6,7,2
2021-09-29 05:11,7,140,0
2021-09-29 05:11,10,5,0
2021-09-29 05:11,12,1,0
2021-09-29 05:11,13,3,4
2021-09-29 05:11,19,5,0
2021-09-29 05:11,22,31,0
2021-09-29 05:11,27,0,0
2021-09-29 05:16,2,15,3
2021-09-29 05:16,3,4,0
2021-09-29 05:16,4,4,0
2021-09-29 05:16,6,7,0
2021-09-29 05:16,7,140,0
2021-09-29 05:16,10,5,0
2021-09-29 05:16,12,1,0
2021-09-29 05:16,13,4,1
2021-09-29 05:16,19,5,0
2021-09-29 05:16,22,31,0
2021-09-29 05:16,27,0,0
2021-09-29 05:21,2,15,0
2021-09-29 05:21,3,4,0
2021-09-29 05:21,4,4,0
2021-09-29 05:21,6,9,2
2021-09-29 05:21,7,140,0
2021-09-29 05:21,10,5,1
2021-09-29 05:21,12,2,1
2021-09-29 05:21,13,4,0
2021-09-29 05:21,19,5,0
2021-09-29 05:21,22,31,0
2021-09-29 05:21,27,0,0
2021-09-29 05:26,2,16,1
2021-09-29 05:26,3,4,0
2021-09-29 05:26,4,4,0
2021-09-29 05:26,6,9,0
2021-09-29 05:26,7,140,0
2021-09-29 05:26,10,5,0
2021-09-29 05:26,12,2,0
2021-09-29 05:26,13,4,1
2021-09-29 05:26,19,5,0
2021-09-29 05:26,22,31,0
2021-09-29 05:26,27,0,0
2021-09-29 05:31,2,18,2
2021-09-29 05:31,3,4,0
2021-09-29 05:31,4,6,2
2021-09-29 05:31,6,11,2
2021-09-29 05:31,7,140,0
2021-09-29 05:31,10,5,1
2021-09-29 05:31,12,3,1
2021-09-29 05:31,13,5,1
2021-09-29 05:31,19,6,1
2021-09-29 05:31,22,31,0
2021-09-29 05:31,27,0,0
2021-09-29 05:36,2,19,1
2021-09-29 05:36,3,4,0
2021-09-29 05:36,4,6,0
2021-09-29 05:36,6,12,1
2021-09-29 05:36,7,140,0
2021-09-29 05:36,10,6,2
2021-09-29 05:36,12,4,1
2021-09-29 05:36,13,8,3
2021-09-29 05:36,19,7,1
2021-09-29 05:36,22,31,0
2021-09-29 05:36,27,0,0
2021-09-29 05:41,2,20,1
2021-09-29 05:41,3,4,0
2021-09-29 05:41,4,6,0
2021-09-29 05:41,6,14,2
2021-09-29 05:41,7,140,0
2021-09-29 05:41,10,7,3
2021-09-29 05:41,12,6,2
2021-09-29 05:41,13,10,2
2021-09-29 05:41,19,7,0
2021-09-29 05:41,22,31,0
2021-09-29 05:41,27,1,1
2021-09-29 05:46,2,25,5
2021-09-29 05:46,3,4,0
2021-09-29 05:46,4,6,0
2021-09-29 05:46,6,16,3
2021-09-29 05:46,7,140,0
2021-09-29 05:46,10,6,0
2021-09-29 05:46,12,7,1
2021-09-29 05:46,13,11,1
2021-09-29 05:46,19,7,0
2021-09-29 05:46,22,31,0
2021-09-29 05:46,27,2,1
2021-09-29 05:51,2,31,6
2021-09-29 05:51,3,4,0
2021-09-29 05:51,4,5,0
2021-09-29 05:51,6,19,3
2021-09-29 05:51,7,140,0
2021-09-29 05:51,10,7,1
2021-09-29 05:51,12,7,0
2021-09-29 05:51,13,11,1
2021-09-29 05:51,19,7,0
2021-09-29 05:51,22,31,0
2021-09-29 05:51,27,3,1
2021-09-29 05:56,2,36,5
2021-09-29 05:56,3,4,0
2021-09-29 05:56,4,5,0
2021-09-29 05:56,6,20,1
2021-09-29 05:56,7,140,0
2021-09-29 05:56,10,7,0
2021-09-29 05:56,12,7,0
2021-09-29 05:56,13,11,0
2021-09-29 05:56,19,7,0
2021-09-29 05:56,22,31,0
2021-09-29 05:56,27,3,0
2021-09-29 06:01,2,37,1
2021-09-29 06:01,3,4,0
2021-09-29 06:01,4,5,0
2021-09-29 06:01,6,19,0
2021-09-29 06:01,7,140,0
2021-09-29 06:01,10,7,0
2021-09-29 06:01,12,7,0
2021-09-29 06:01,13,11,0
2021-09-29 06:01,19,8,1
2021-09-29 06:01,22,31,0
2021-09-29 06:01,27,7,5
2021-09-29 06:06,2,37,0
2021-09-29 06:06,3,4,0
2021-09-29 06:06,4,5,0
2021-09-29 06:06,6,20,1
2021-09-29 06:06,7,139,0
2021-09-29 06:06,10,7,1
2021-09-29 06:06,12,8,1
2021-09-29 06:06,13,12,1
2021-09-29 06:06,19,9,1
2021-09-29 06:06,22,31,0
2021-09-29 06:06,27,8,1
2021-09-29 06:11,2,40,3
2021-09-29 06:11,3,4,0
2021-09-29 06:11,4,5,0
2021-09-29 06:11,6,22,2
2021-09-29 06:11,7,138,0
2021-09-29 06:11,10,7,0
2021-09-29 06:11,12,8,0
2021-09-29 06:11,13,13,1
2021-09-29 06:11,19,10,1
2021-09-29 06:11,22,31,0
2021-09-29 06:11,27,8,0
2021-09-29 06:16,2,40,1
2021-09-29 06:16,3,5,1
2021-09-29 06:16,4,6,1
2021-09-29 06:16,6,22,0
2021-09-29 06:16,7,138,0
2021-09-29 06:16,10,7,0
2021-09-29 06:16,12,8,0
2021-09-29 06:16,13,14,2
2021-09-29 06:16,19,9,0
2021-09-29 06:16,22,31,0
2021-09-29 06:16,27,9,1
2021-09-29 06:21,2,42,2
2021-09-29 06:21,3,5,0
2021-09-29 06:21,4,7,1
2021-09-29 06:21,6,23,2
2021-09-29 06:21,7,137,0
2021-09-29 06:21,10,7,3
2021-09-29 06:21,12,10,2
2021-09-29 06:21,13,13,1
2021-09-29 06:21,19,8,0
2021-09-29 06:21,22,31,0
2021-09-29 06:21,27,9,0
2021-09-29 06:26,2,45,4
2021-09-29 06:26,3,5,1
2021-09-29 06:26,4,7,0
2021-09-29 06:26,6,23,0
2021-09-29 06:26,7,136,0
2021-09-29 06:26,10,7,0
2021-09-29 06:26,12,10,0
2021-09-29 06:26,13,11,3
2021-09-29 06:26,19,8,0
2021-09-29 06:26,22,32,1
2021-09-29 06:26,27,9,0
2021-09-29 06:31,2,45,2
2021-09-29 06:31,3,4,0
2021-09-29 06:31,4,9,2
2021-09-29 06:31,6,23,1
2021-09-29 06:31,7,138,2
2021-09-29 06:31,10,7,2
2021-09-29 06:31,12,11,1
2021-09-29 06:31,13,11,0
2021-09-29 06:31,19,8,1
2021-09-29 06:31,22,32,0
2021-09-29 06:31,27,9,0
2021-09-29 06:36,2,44,0
2021-09-29 06:36,3,4,0
2021-09-29 06:36,4,11,2
2021-09-29 06:36,6,27,4
2021-09-29 06:36,7,137,0
2021-09-29 06:36,10,7,0
2021-09-29 06:36,12,11,0
2021-09-29 06:36,13,13,2
2021-09-29 06:36,19,9,2
2021-09-29 06:36,22,32,0
2021-09-29 06:36,27,9,0
2021-09-29 06:41,2,44,1
2021-09-29 06:41,3,4,0
2021-09-29 06:41,4,12,1
2021-09-29 06:41,6,27,0
2021-09-29 06:41,7,137,0
2021-09-29 06:41,10,9,3
2021-09-29 06:41,12,11,0
2021-09-29 06:41,13,19,8
2021-09-29 06:41,19,10,0
2021-09-29 06:41,22,32,0
2021-09-29 06:41,27,9,0
2021-09-29 06:46,2,47,5
2021-09-29 06:46,3,6,2
2021-09-29 06:46,4,22,10
2021-09-29 06:46,6,29,2
2021-09-29 06:46,7,137,0
2021-09-29 06:46,10,9,1
2021-09-29 06:46,12,13,2
2021-09-29 06:46,13,21,4
2021-09-29 06:46,19,12,2
2021-09-29 06:46,22,32,0
2021-09-29 06:46,27,9,0
2021-09-29 06:51,2,51,5
2021-09-29 06:51,3,7,1
2021-09-29 06:51,4,34,12
2021-09-29 06:51,6,32,3
2021-09-29 06:51,7,136,0
2021-09-29 06:51,10,9,0
2021-09-29 06:51,12,13,0
2021-09-29 06:51,13,24,4
2021-09-29 06:51,19,10,0
2021-09-29 06:51,22,32,0
2021-09-29 06:51,27,9,0
2021-09-29 06:56,2,54,4
2021-09-29 06:56,3,8,1
2021-09-29 06:56,4,39,5
2021-09-29 06:56,6,36,4
2021-09-29 06:56,7,136,1
2021-09-29 06:56,10,11,5
2021-09-29 06:56,12,16,3
2021-09-29 06:56,13,28,4
2021-09-29 06:56,19,11,2
2021-09-29 06:56,22,32,0
2021-09-29 06:56,27,10,1
2021-09-29 07:01,2,58,6
2021-09-29 07:01,3,10,2
2021-09-29 07:01,4,62,23
2021-09-29 07:01,6,36,0
2021-09-29 07:01,7,135,0
2021-09-29 07:01,10,12,7
2021-09-29 07:01,12,21,5
2021-09-29 07:01,13,29,1
2021-09-29 07:01,19,11,0
2021-09-29 07:01,22,32,0
2021-09-29 07:01,27,9,1
2021-09-29 07:06,2,61,4
2021-09-29 07:06,3,11,1
2021-09-29 07:06,4,80,18
2021-09-29 07:06,6,37,1
2021-09-29 07:06,7,134,0
2021-09-29 07:06,10,13,5
2021-09-29 07:06,12,23,3
2021-09-29 07:06,13,35,6
2021-09-29 07:06,19,11,0
2021-09-29 07:06,22,34,2
2021-09-29 07:06,27,10,0
2021-09-29 07:11,2,63,4
2021-09-29 07:11,3,13,2
2021-09-29 07:11,4,94,14
2021-09-29 07:11,6,44,7
2021-09-29 07:11,7,134,0
2021-09-29 07:11,10,15,5
2021-09-29 07:11,12,27,4
2021-09-29 07:11,13,49,16
2021-09-29 07:11,19,12,1
2021-09-29 07:11,22,35,1
2021-09-29 07:11,27,12,2
2021-09-29 07:16,2,67,7
2021-09-29 07:16,3,16,3
2021-09-29 07:16,4,120,26
2021-09-29 07:16,6,46,2
2021-09-29 07:16,7,134,0
2021-09-29 07:16,10,16,6
2021-09-29 07:16,12,31,4
2021-09-29 07:16,13,59,10
2021-09-29 07:16,19,12,0
2021-09-29 07:16,22,36,1
2021-09-29 07:16,27,13,2
2021-09-29 07:21,2,72,9
2021-09-29 07:21,3,20,4
2021-09-29 07:21,4,156,36
2021-09-29 07:21,6,48,2
2021-09-29 07:21,7,135,2
2021-09-29 07:21,10,14,7
2021-09-29 07:21,12,39,8
2021-09-29 07:21,13,84,25
2021-09-29 07:21,19,14,2
2021-09-29 07:21,22,37,2
2021-09-29 07:21,27,13,0
2021-09-29 07:26,2,80,14
2021-09-29 07:26,3,26,6
2021-09-29 07:26,4,196,40
2021-09-29 07:26,6,54,6
2021-09-29 07:26,7,133,0
2021-09-29 07:26,10,15,7
2021-09-29 07:26,12,45,6
2021-09-29 07:26,13,115,31
2021-09-29 07:26,19,17,4
2021-09-29 07:26,22,39,3
2021-09-29 07:26,27,14,3
2021-09-29 07:31,2,82,9
2021-09-29 07:31,3,33,7
2021-09-29 07:31,4,261,65
2021-09-29 07:31,6,57,3
2021-09-29 07:31,7,132,0
2021-09-29 07:31,10,15,14
2021-09-29 07:31,12,58,13
2021-09-29 07:31,13,155,43
2021-09-29 07:31,19,21,4
2021-09-29 07:31,22,48,9
2021-09-29 07:31,27,14,6
2021-09-29 07:36,2,86,27
2021-09-29 07:36,3,55,23
2021-09-29 07:36,4,308,47
2021-09-29 07:36,6,60,3
2021-09-29 07:36,7,132,0
2021-09-29 07:36,10,14,10
2021-09-29 07:36,12,69,11
2021-09-29 07:36,13,200,45
2021-09-29 07:36,19,26,6
2021-09-29 07:36,22,51,3
2021-09-29 07:36,27,14,1
2021-09-29 07:41,2,95,24
2021-09-29 07:41,3,69,14
2021-09-29 07:41,4,361,53
2021-09-29 07:41,6,60,0
2021-09-29 07:41,7,130,0
2021-09-29 07:41,10,18,17
2021-09-29 07:41,12,79,11
2021-09-29 07:41,13,252,54
2021-09-29 07:41,19,33,7
2021-09-29 07:41,22,51,2
2021-09-29 07:41,27,16,3
2021-09-29 07:46,2,95,26
2021-09-29 07:46,3,93,25
2021-09-29 07:46,4,394,33
2021-09-29 07:46,6,62,2
2021-09-29 07:46,7,131,1
2021-09-29 07:46,10,22,18
2021-09-29 07:46,12,92,13
2021-09-29 07:46,13,308,57
2021-09-29 07:46,19,49,17
2021-09-29 07:46,22,54,3
2021-09-29 07:46,27,18,2
2021-09-29 07:51,2,96,23
2021-09-29 07:51,3,114,22
2021-09-29 07:51,4,404,10
2021-09-29 07:51,6,63,1
2021-09-29 07:51,7,133,5
2021-09-29 07:51,10,20,21
2021-09-29 07:51,12,113,21
2021-09-29 07:51,13,346,43
2021-09-29 07:51,19,67,19
2021-09-29 07:51,22,54,2
2021-09-29 07:51,27,19,2
2021-09-29 07:56,2,101,25
2021-09-29 07:56,3,134,20
2021-09-29 07:56,4,404,1
2021-09-29 07:56,6,63,0
2021-09-29 07:56,7,134,2
2021-09-29 07:56,10,21,19
2021-09-29 07:56,12,130,17
2021-09-29 07:56,13,372,27
2021-09-29 07:56,19,77,10
2021-09-29 07:56,22,56,2
2021-09-29 07:56,27,19,1
2021-09-29 08:01,2,102,20
2021-09-29 08:01,3,153,19
2021-09-29 08:01,4,404,0
2021-09-29 08:01,6,63,0
2021-09-29 08:01,7,133,0
2021-09-29 08:01,10,24,27
2021-09-29 08:01,12,149,20
2021-09-29 08:01,13,384,12
2021-09-29 08:01,19,86,9
2021-09-29 08:01,22,56,0
2021-09-29 08:01,27,23,4
2021-09-29 08:06,2,106,13
2021-09-29 08:06,3,162,9
2021-09-29 08:06,4,407,3
2021-09-29 08:06,6,63,0
2021-09-29 08:06,7,134,1
2021-09-29 08:06,10,24,23
2021-09-29 08:06,12,168,20
2021-09-29 08:06,13,391,8
2021-09-29 08:06,19,91,6
2021-09-29 08:06,22,56,0
2021-09-29 08:06,27,24,1
2021-09-29 08:11,2,107,8
2021-09-29 08:11,3,167,6
2021-09-29 08:11,4,406,0
2021-09-29 08:11,6,63,0
2021-09-29 08:11,7,132,2
2021-09-29 08:11,10,26,21
2021-09-29 08:11,12,183,18
2021-09-29 08:11,13,398,10
2021-09-29 08:11,19,94,3
2021-09-29 08:11,22,56,0
2021-09-29 08:11,27,25,1
2021-09-29 08:16,2,108,8
2021-09-29 08:16,3,172,6
2021-09-29 08:16,4,406,1
2021-09-29 08:16,6,63,0
2021-09-29 08:16,7,132,2
2021-09-29 08:16,10,21,14
2021-09-29 08:16,12,198,15
2021-09-29 08:16,13,403,9
2021-09-29 08:16,19,96,3
2021-09-29 08:16,22,57,1
2021-09-29 08:16,27,25,0
2021-09-29 08:21,2,113,18
2021-09-29 08:21,3,183,12
2021-09-29 08:21,4,405,1
2021-09-29 08:21,6,63,0
2021-09-29 08:21,7,137,5
2021-09-29 08:21,10,22,16
2021-09-29 08:21,12,211,13
2021-09-29 08:21,13,412,11
2021-09-29 08:21,19,102,6
2021-09-29 08:21,22,60,3
2021-09-29 08:21,27,26,2
2021-09-29 08:26,2,117,16
2021-09-29 08:26,3,195,12
2021-09-29 08:26,4,405,1
2021-09-29 08:26,6,63,0
2021-09-29 08:26,7,138,1
2021-09-29 08:26,10,25,18
2021-09-29 08:26,12,225,15
2021-09-29 08:26,13,426,13
2021-09-29 08:26,19,108,6
2021-09-29 08:26,22,61,2
2021-09-29 08:26,27,27,1
2021-09-29 08:31,2,122,23
2021-09-29 08:31,3,213,18
2021-09-29 08:31,4,405,1
2021-09-29 08:31,6,63,0
2021-09-29 08:31,7,140,2
2021-09-29 08:31,10,25,17
2021-09-29 08:31,12,235,12
2021-09-29 08:31,13,440,11
2021-09-29 08:31,19,116,8
2021-09-29 08:31,22,66,5
2021-09-29 08:31,27,28,1
2021-09-29 08:36,2,125,31
2021-09-29 08:36,3,241,28
2021-09-29 08:36,4,408,4
2021-09-29 08:36,6,62,0
2021-09-29 08:36,7,140,0
2021-09-29 08:36,10,24,13
2021-09-29 08:36,12,246,11
2021-09-29 08:36,13,451,11
2021-09-29 08:36,19,121,5
2021-09-29 08:36,22,77,11
2021-09-29 08:36,27,29,6
2021-09-29 08:41,2,120,20
2021-09-29 08:41,3,266,25
2021-09-29 08:41,4,406,4
2021-09-29 08:41,6,62,2
2021-09-29 08:41,7,140,2
2021-09-29 08:41,10,25,12
2021-09-29 08:41,12,255,9
2021-09-29 08:41,13,456,9
2021-09-29 08:41,19,131,10
2021-09-29 08:41,22,81,4
2021-09-29 08:41,27,29,2
2021-09-29 08:46,2,127,20
2021-09-29 08:46,3,278,12
2021-09-29 08:46,4,406,4
2021-09-29 08:46,6,62,0
2021-09-29 08:46,7,142,2
2021-09-29 08:46,10,26,13
2021-09-29 08:46,12,264,10
2021-09-29 08:46,13,459,7
2021-09-29 08:46,19,140,10
2021-09-29 08:46,22,91,10
2021-09-29 08:46,27,30,3
2021-09-29 08:51,2,129,52
2021-09-29 08:51,3,328,50
2021-09-29 08:51,4,408,8
2021-09-29 08:51,6,62,0
2021-09-29 08:51,7,145,3
2021-09-29 08:51,10,28,21
2021-09-29 08:51,12,277,14
2021-09-29 08:51,13,465,12
2021-09-29 08:51,19,165,27
2021-09-29 08:51,22,103,15
2021-09-29 08:51,27,31,8
2021-09-29 08:56,2,138,62
2021-09-29 08:56,3,372,49
2021-09-29 08:56,4,408,11
2021-09-29 08:56,6,62,0
2021-09-29 08:56,7,147,2
2021-09-29 08:56,10,27,14
2021-09-29 08:56,12,291,14
2021-09-29 08:56,13,462,8
2021-09-29 08:56,19,191,28
2021-09-29 08:56,22,133,30
2021-09-29 08:56,27,31,8
2021-09-29 09:01,2,140,55
2021-09-29 09:01,3,412,48
2021-09-29 09:01,4,408,9
2021-09-29 09:01,6,62,0
2021-09-29 09:01,7,149,2
2021-09-29 09:01,10,27,13
2021-09-29 09:01,12,301,11
2021-09-29 09:01,13,451,11
2021-09-29 09:01,19,209,21
2021-09-29 09:01,22,166,34
2021-09-29 09:01,27,33,13
2021-09-29 09:06,2,137,59
2021-09-29 09:06,3,462,55
2021-09-29 09:06,4,403,13
2021-09-29 09:06,6,62,0
2021-09-29 09:06,7,146,0
2021-09-29 09:06,10,26,12
2021-09-29 09:06,12,311,10
2021-09-29 09:06,13,460,16
2021-09-29 09:06,19,234,25
2021-09-29 09:06,22,203,37
2021-09-29 09:06,27,33,13
2021-09-29 09:11,2,131,35
2021-09-29 09:11,3,496,36
2021-09-29 09:11,4,403,4
2021-09-29 09:11,6,62,0
2021-09-29 09:11,7,149,3
2021-09-29 09:11,10,26,9
2021-09-29 09:11,12,315,6
2021-09-29 09:11,13,463,11
2021-09-29 09:11,19,254,23
2021-09-29 09:11,22,228,25
2021-09-29 09:11,27,35,14
2021-09-29 09:16,2,137,46
2021-09-29 09:16,3,532,38
2021-09-29 09:16,4,410,14
2021-09-29 09:16,6,62,0
2021-09-29 09:16,7,148,0
2021-09-29 09:16,10,30,8
2021-09-29 09:16,12,317,4
2021-09-29 09:16,13,466,11
2021-09-29 09:16,19,257,3
2021-09-29 09:16,22,240,12
2021-09-29 09:16,27,34,4
2021-09-29 09:21,2,133,13
2021-09-29 09:21,3,545,16
2021-09-29 09:21,4,407,9
2021-09-29 09:21,6,62,0
2021-09-29 09:21,7,147,0
2021-09-29 09:21,10,29,7
2021-09-29 09:21,12,324,7
2021-09-29 09:21,13,464,12
2021-09-29 09:21,19,275,20
2021-09-29 09:21,22,252,13
2021-09-29 09:21,27,34,9
2021-09-29 09:26,2,134,9
2021-09-29 09:26,3,543,3
2021-09-29 09:26,4,402,3
2021-09-29 09:26,6,62,0
2021-09-29 09:26,7,143,0
2021-09-29 09:26,10,28,4
2021-09-29 09:26,12,328,4
2021-09-29 09:26,13,454,10
2021-09-29 09:26,19,319,45
2021-09-29 09:26,22,265,13
2021-09-29 09:26,27,37,11
2021-09-29 09:31,2,137,8
2021-09-29 09:31,3,543,3
2021-09-29 09:31,4,405,4
2021-09-29 09:31,6,62,0
2021-09-29 09:31,7,143,2
2021-09-29 09:31,10,32,13
2021-09-29 09:31,12,331,5
2021-09-29 09:31,13,457,7
2021-09-29 09:31,19,344,28
2021-09-29 09:31,22,278,13
2021-09-29 09:31,27,36,8
2021-09-29 09:36,2,140,7
2021-09-29 09:36,3,544,3
2021-09-29 09:36,4,408,3
2021-09-29 09:36,6,62,0
2021-09-29 09:36,7,143,2
2021-09-29 09:36,10,30,5
2021-09-29 09:36,12,338,7
2021-09-29 09:36,13,460,8
2021-09-29 09:36,19,360,21
2021-09-29 09:36,22,287,11
2021-09-29 09:36,27,35,7
2021-09-29 09:41,2,144,12
2021-09-29 09:41,3,546,6
2021-09-29 09:41,4,410,3
2021-09-29 09:41,6,62,0
2021-09-29 09:41,7,142,0
2021-09-29 09:41,10,30,6
2021-09-29 09:41,12,340,3
2021-09-29 09:41,13,459,3
2021-09-29 09:41,19,381,23
2021-09-29 09:41,22,293,11
2021-09-29 09:41,27,37,8
2021-09-29 09:46,2,144,5
2021-09-29 09:46,3,544,2
2021-09-29 09:46,4,414,9
2021-09-29 09:46,6,62,0
2021-09-29 09:46,7,142,2
2021-09-29 09:46,10,30,2
2021-09-29 09:46,12,342,2
2021-09-29 09:46,13,456,4
2021-09-29 09:46,19,404,25
2021-09-29 09:46,22,307,15
2021-09-29 09:46,27,36,10
2021-09-29 09:51,2,145,7
2021-09-29 09:51,3,546,4
2021-09-29 09:51,4,414,5
2021-09-29 09:51,6,62,0
2021-09-29 09:51,7,142,0
2021-09-29 09:51,10,31,5
2021-09-29 09:51,12,345,3
2021-09-29 09:51,13,461,7
2021-09-29 09:51,19,420,17
2021-09-29 09:51,22,318,12
2021-09-29 09:51,27,37,12
2021-09-29 09:56,2,144,5
2021-09-29 09:56,3,543,1
2021-09-29 09:56,4,417,10
2021-09-29 09:56,6,62,1
2021-09-29 09:56,7,143,1
2021-09-29 09:56,10,33,8
2021-09-29 09:56,12,348,4
2021-09-29 09:56,13,460,7
2021-09-29 09:56,19,440,22
2021-09-29 09:56,22,347,33
2021-09-29 09:56,27,37,21
2021-09-29 10:01,2,147,7
2021-09-29 10:01,3,545,3
2021-09-29 10:01,4,417,10
2021-09-29 10:01,6,62,1
2021-09-29 10:01,7,142,0
2021-09-29 10:01,10,32,2
2021-09-29 10:01,12,349,1
2021-09-29 10:01,13,457,6
2021-09-29 10:01,19,458,24
2021-09-29 10:01,22,375,30
2021-09-29 10:01,27,36,15
2021-09-29 10:06,2,149,12
2021-09-29 10:06,3,545,6
2021-09-29 10:06,4,421,13
2021-09-29 10:06,6,62,2
2021-09-29 10:06,7,141,0
2021-09-29 10:06,10,33,3
2021-09-29 10:06,12,350,1
2021-09-29 10:06,13,456,10
2021-09-29 10:06,19,485,33
2021-09-29 10:06,22,398,26
2021-09-29 10:06,27,38,12
2021-09-29 10:11,2,149,22
2021-09-29 10:11,3,543,11
2021-09-29 10:11,4,415,8
2021-09-29 10:11,6,62,1
2021-09-29 10:11,7,141,0
2021-09-29 10:11,10,34,6
2021-09-29 10:11,12,351,2
2021-09-29 10:11,13,459,13
2021-09-29 10:11,19,504,26
2021-09-29 10:11,22,438,41
2021-09-29 10:11,27,37,12
2021-09-29 10:16,2,147,33
2021-09-29 10:16,3,531,11
2021-09-29 10:16,4,420,14
2021-09-29 10:16,6,62,0
2021-09-29 10:16,7,141,2
2021-09-29 10:16,10,32,2
2021-09-29 10:16,12,351,0
2021-09-29 10:16,13,449,15
2021-09-29 10:16,19,517,23
2021-09-29 10:16,22,465,33
2021-09-29 10:16,27,37,16
2021-09-29 10:21,2,153,43
2021-09-29 10:21,3,530,19
2021-09-29 10:21,4,411,3
2021-09-29 10:21,6,62,0
2021-09-29 10:21,7,142,1
2021-09-29 10:21,10,34,4
2021-09-29 10:21,12,350,0
2021-09-29 10:21,13,452,20
2021-09-29 10:21,19,512,13
2021-09-29 10:21,22,464,13
2021-09-29 10:21,27,38,16
2021-09-29 10:26,2,155,31
2021-09-29 10:26,3,529,13
2021-09-29 10:26,4,418,15
2021-09-29 10:26,6,62,0
2021-09-29 10:26,7,140,0
2021-09-29 10:26,10,34,5
2021-09-29 10:26,12,350,1
2021-09-29 10:26,13,453,9
2021-09-29 10:26,19,522,11
2021-09-29 10:26,22,465,7
2021-09-29 10:26,27,36,6
2021-09-29 10:31,2,151,11
2021-09-29 10:31,3,538,12
2021-09-29 10:31,4,415,6
2021-09-29 10:31,6,62,1
2021-09-29 10:31,7,140,0
2021-09-29 10:31,10,32,5
2021-09-29 10:31,12,354,5
2021-09-29 10:31,13,454,4
2021-09-29 10:31,19,527,5
2021-09-29 10:31,22,467,6
2021-09-29 10:31,27,36,8
2021-09-29 10:36,2,154,11
2021-09-29 10:36,3,538,4
2021-09-29 10:36,4,410,7
2021-09-29 10:36,6,62,0
2021-09-29 10:36,7,139,0
2021-09-29 10:36,10,34,8
2021-09-29 10:36,12,357,3
2021-09-29 10:36,13,454,3
2021-09-29 10:36,19,534,11
2021-09-29 10:36,22,477,11
2021-09-29 10:36,27,37,8
2021-09-29 10:41,2,155,13
2021-09-29 10:41,3,533,3
2021-09-29 10:41,4,409,8
2021-09-29 10:41,6,63,2
2021-09-29 10:41,7,138,0
2021-09-29 10:41,10,33,5
2021-09-29 10:41,12,360,4
2021-09-29 10:41,13,455,7
2021-09-29 10:41,19,531,6
2021-09-29 10:41,22,485,11
2021-09-29 10:41,27,38,5
2021-09-29 10:46,2,154,6
2021-09-29 10:46,3,535,4
2021-09-29 10:46,4,410,5
2021-09-29 10:46,6,63,1
2021-09-29 10:46,7,139,2
2021-09-29 10:46,10,35,4
2021-09-29 10:46,12,360,1
2021-09-29 10:46,13,461,9
2021-09-29 10:46,19,535,5
2021-09-29 10:46,22,488,8
2021-09-29 10:46,27,40,5
2021-09-29 10:51,2,156,11
2021-09-29 10:51,3,537,6
2021-09-29 10:51,4,408,5
2021-09-29 10:51,6,62,0
2021-09-29 10:51,7,139,0
2021-09-29 10:51,10,35,3
2021-09-29 10:51,12,358,1
2021-09-29 10:51,13,460,5
2021-09-29 10:51,19,540,9
2021-09-29 10:51,22,493,6
2021-09-29 10:51,27,41,5
2021-09-29 10:56,2,157,8
2021-09-29 10:56,3,537,3
2021-09-29 10:56,4,410,5
2021-09-29 10:56,6,62,0
2021-09-29 10:56,7,140,2
2021-09-29 10:56,10,34,9
2021-09-29 10:56,12,359,3
2021-09-29 10:56,13,466,12
2021-09-29 10:56,19,546,9
2021-09-29 10:56,22,493,7
2021-09-29 10:56,27,41,5
2021-09-29 11:01,2,160,15
2021-09-29 11:01,3,540,8
2021-09-29 11:01,4,405,5
2021-09-29 11:01,6,61,0
2021-09-29 11:01,7,142,3
2021-09-29 11:01,10,33,7
2021-09-29 11:01,12,362,6
2021-09-29 11:01,13,462,8
2021-09-29 11:01,19,551,9
2021-09-29 11:01,22,493,5
2021-09-29 11:01,27,41,8
2021-09-29 11:06,2,159,24
2021-09-29 11:06,3,525,5
2021-09-29 11:06,4,397,8
2021-09-29 11:06,6,61,0
2021-09-29 11:06,7,141,0
2021-09-29 11:06,10,34,7
2021-09-29 11:06,12,362,2
2021-09-29 11:06,13,457,8
2021-09-29 11:06,19,556,15
2021-09-29 11:06,22,493,13
2021-09-29 11:06,27,44,16
2021-09-29 11:11,2,161,34
2021-09-29 11:11,3,509,8
2021-09-29 11:11,4,401,12
2021-09-29 11:11,6,61,0
2021-09-29 11:11,7,140,0
2021-09-29 11:11,10,32,6
2021-09-29 11:11,12,362,3
2021-09-29 11:11,13,461,15
2021-09-29 11:11,19,550,7
2021-09-29 11:11,22,506,21
2021-09-29 11:11,27,44,19
2021-09-29 11:16,2,156,27
2021-09-29 11:16,3,522,20
2021-09-29 11:16,4,404,12
2021-09-29 11:16,6,61,0
2021-09-29 11:16,7,140,0
2021-09-29 11:16,10,32,4
2021-09-29 11:16,12,361,1
2021-09-29 11:16,13,464,11
2021-09-29 11:16,19,553,13
2021-09-29 11:16,22,528,25
2021-09-29 11:16,27,45,16
2021-09-29 11:21,2,165,25
2021-09-29 11:21,3,527,12
2021-09-29 11:21,4,398,4
2021-09-29 11:21,6,61,1
2021-09-29 11:21,7,140,1
2021-09-29 11:21,10,32,5
2021-09-29 11:21,12,364,4
2021-09-29 11:21,13,465,15
2021-09-29 11:21,19,553,4
2021-09-29 11:21,22,538,20
2021-09-29 11:21,27,40,14
2021-09-29 11:26,2,160,27
2021-09-29 11:26,3,534,18
2021-09-29 11:26,4,406,19
2021-09-29 11:26,6,61,1
2021-09-29 11:26,7,140,0
2021-09-29 11:26,10,32,4
2021-09-29 11:26,12,363,1
2021-09-29 11:26,13,460,8
2021-09-29 11:26,19,548,9
2021-09-29 11:26,22,546,16
2021-09-29 11:26,27,44,12
2021-09-29 11:31,2,167,37
2021-09-29 11:31,3,528,14
2021-09-29 11:31,4,406,13
2021-09-29 11:31,6,61,0
2021-09-29 11:31,7,139,0
2021-09-29 11:31,10,34,4
2021-09-29 11:31,12,364,1
2021-09-29 11:31,13,444,13
2021-09-29 11:31,19,546,12
2021-09-29 11:31,22,544,17
2021-09-29 11:31,27,43,18
2021-09-29 11:36,2,165,39
2021-09-29 11:36,3,528,18
2021-09-29 11:36,4,408,13
2021-09-29 11:36,6,61,1
2021-09-29 11:36,7,138,0
2021-09-29 11:36,10,35,10
2021-09-29 11:36,12,369,5
2021-09-29 11:36,13,449,16
2021-09-29 11:36,19,521,11
2021-09-29 11:36,22,521,19
2021-09-29 11:36,27,42,27
2021-09-29 11:41,2,161,18
2021-09-29 11:41,3,532,10
2021-09-29 11:41,4,406,6
2021-09-29 11:41,6,61,0
2021-09-29 11:41,7,136,0
2021-09-29 11:41,10,33,4
2021-09-29 11:41,12,369,2
2021-09-29 11:41,13,454,15
2021-09-29 11:41,19,517,8
2021-09-29 11:41,22,527,17
2021-09-29 11:41,27,43,16
2021-09-29 11:46,2,160,15
2021-09-29 11:46,3,537,10
2021-09-29 11:46,4,405,6
2021-09-29 11:46,6,61,0
2021-09-29 11:46,7,136,0
2021-09-29 11:46,10,35,13
2021-09-29 11:46,12,363,2
2021-09-29 11:46,13,460,9
2021-09-29 11:46,19,518,10
2021-09-29 11:46,22,534,16
2021-09-29 11:46,27,42,13
2021-09-29 11:51,2,160,15
2021-09-29 11:51,3,529,3
2021-09-29 11:51,4,401,4
2021-09-29 11:51,6,61,0
2021-09-29 11:51,7,136,0
2021-09-29 11:51,10,35,8
2021-09-29 11:51,12,366,5
2021-09-29 11:51,13,456,5
2021-09-29 11:51,19,512,5
2021-09-29 11:51,22,531,6
2021-09-29 11:51,27,40,12
2021-09-29 11:56,2,160,13
2021-09-29 11:56,3,526,5
2021-09-29 11:56,4,400,3
2021-09-29 11:56,6,61,0
2021-09-29 11:56,7,136,0
2021-09-29 11:56,10,34,10
2021-09-29 11:56,12,365,5
2021-09-29 11:56,13,449,5
2021-09-29 11:56,19,509,3
2021-09-29 11:56,22,525,2
2021-09-29 11:56,27,40,4
2021-09-29 12:01,2,159,8
2021-09-29 12:01,3,526,3
2021-09-29 12:01,4,400,6
2021-09-29 12:01,6,62,1
2021-09-29 12:01,7,135,0
2021-09-29 12:01,10,33,5
2021-09-29 12:01,12,364,2
2021-09-29 12:01,13,452,11
2021-09-29 12:01,19,505,4
2021-09-29 12:01,22,532,9
2021-09-29 12:01,27,41,4
2021-09-29 12:06,2,157,11
2021-09-29 12:06,3,523,5
2021-09-29 12:06,4,403,10
2021-09-29 12:06,6,62,0
2021-09-29 12:06,7,136,1
2021-09-29 12:06,10,34,4
2021-09-29 12:06,12,363,1
2021-09-29 12:06,13,453,10
2021-09-29 12:06,19,502,7
2021-09-29 12:06,22,531,8
2021-09-29 12:06,27,42,16
2021-09-29 12:11,2,156,14
2021-09-29 12:11,3,531,10
2021-09-29 12:11,4,405,6
2021-09-29 12:11,6,62,0
2021-09-29 12:11,7,136,0
2021-09-29 12:11,10,38,9
2021-09-29 12:11,12,359,1
2021-09-29 12:11,13,455,5
2021-09-29 12:11,19,502,1
2021-09-29 12:11,22,534,10
2021-09-29 12:11,27,39,8
2021-09-29 12:16,2,156,11
2021-09-29 12:16,3,530,5
2021-09-29 12:16,4,412,9
2021-09-29 12:16,6,62,0
2021-09-29 12:16,7,134,0
2021-09-29 12:16,10,37,1
2021-09-29 12:16,12,359,1
2021-09-29 12:16,13,465,13
2021-09-29 12:16,19,504,9
2021-09-29 12:16,22,534,6
2021-09-29 12:16,27,38,7
2021-09-29 12:21,2,156,9
2021-09-29 12:21,3,531,4
2021-09-29 12:21,4,413,9
2021-09-29 12:21,6,62,0
2021-09-29 12:21,7,133,0
2021-09-29 12:21,10,36,13
2021-09-29 12:21,12,358,5
2021-09-29 12:21,13,461,5
2021-09-29 12:21,19,501,3
2021-09-29 12:21,22,532,7
2021-09-29 12:21,27,36,8
2021-09-29 12:26,2,158,20
2021-09-29 12:26,3,535,11
2021-09-29 12:26,4,414,10
2021-09-29 12:26,6,62,1
2021-09-29 12:26,7,133,1
2021-09-29 12:26,10,35,7
2021-09-29 12:26,12,357,3
2021-09-29 12:26,13,466,10
2021-09-29 12:26,19,504,7
2021-09-29 12:26,22,530,4
2021-09-29 12:26,27,38,8
2021-09-29 12:31,2,157,14
2021-09-29 12:31,3,548,14
2021-09-29 12:31,4,417,13
2021-09-29 12:31,6,62,0
2021-09-29 12:31,7,133,0
2021-09-29 12:31,10,36,6
2021-09-29 12:31,12,357,2
2021-09-29 12:31,13,468,13
2021-09-29 12:31,19,510,7
2021-09-29 12:31,22,535,8
2021-09-29 12:31,27,36,4
2021-09-29 12:36,2,156,12
2021-09-29 12:36,3,545,4
2021-09-29 12:36,4,416,7
2021-09-29 12:36,6,62,0
2021-09-29 12:36,7,130,0
2021-09-29 12:36,10,39,7
2021-09-29 12:36,12,355,0
2021-09-29 12:36,13,474,18
2021-09-29 12:36,19,506,6
2021-09-29 12:36,22,536,6
2021-09-29 12:36,27,37,9
2021-09-29 12:41,2,153,20
2021-09-29 12:41,3,539,7
2021-09-29 12:41,4,408,7
2021-09-29 12:41,6,61,0
2021-09-29 12:41,7,126,0
2021-09-29 12:41,10,37,6
2021-09-29 12:41,12,355,3
2021-09-29 12:41,13,469,14
2021-09-29 12:41,19,522,19
2021-09-29 12:41,22,531,15
2021-09-29 12:41,27,40,22
2021-09-29 12:46,2,166,37
2021-09-29 12:46,3,524,9
2021-09-29 12:46,4,393,12
2021-09-29 12:46,6,62,1
2021-09-29 12:46,7,127,1
2021-09-29 12:46,10,38,9
2021-09-29 12:46,12,357,5
2021-09-29 12:46,13,454,16
2021-09-29 12:46,19,517,17
2021-09-29 12:46,22,509,12
2021-09-29 12:46,27,43,26
2021-09-29 12:51,2,157,29
2021-09-29 12:51,3,495,0
2021-09-29 12:51,4,399,14
2021-09-29 12:51,6,62,0
2021-09-29 12:51,7,127,0
2021-09-29 12:51,10,37,8
2021-09-29 12:51,12,361,5
2021-09-29 12:51,13,449,15
2021-09-29 12:51,19,494,1
2021-09-29 12:51,22,511,23
2021-09-29 12:51,27,38,22
2021-09-29 12:56,2,163,25
2021-09-29 12:56,3,487,5
2021-09-29 12:56,4,407,14
2021-09-29 12:56,6,62,0
2021-09-29 12:56,7,127,0
2021-09-29 12:56,10,36,9
2021-09-29 12:56,12,363,5
2021-09-29 12:56,13,453,7
2021-09-29 12:56,19,493,4
2021-09-29 12:56,22,510,13
2021-09-29 12:56,27,41,18
2021-09-29 13:01,2,161,19
2021-09-29 13:01,3,488,11
2021-09-29 13:01,4,406,4
2021-09-29 13:01,6,62,0
2021-09-29 13:01,7,127,0
2021-09-29 13:01,10,36,8
2021-09-29 13:01,12,365,3
2021-09-29 13:01,13,456,8
2021-09-29 13:01,19,492,8
2021-09-29 13:01,22,501,6
2021-09-29 13:01,27,45,15
2021-09-29 13:06,2,159,17
2021-09-29 13:06,3,488,9
2021-09-29 13:06,4,408,7
2021-09-29 13:06,6,60,0
2021-09-29 13:06,7,127,1
2021-09-29 13:06,10,37,5
2021-09-29 13:06,12,365,1
2021-09-29 13:06,13,452,2
2021-09-29 13:06,19,501,14
2021-09-29 13:06,22,496,4
2021-09-29 13:06,27,44,8
2021-09-29 13:11,2,160,12
2021-09-29 13:11,3,482,2
2021-09-29 13:11,4,405,5
2021-09-29 13:11,6,60,1
2021-09-29 13:11,7,124,0
2021-09-29 13:11,10,38,7
2021-09-29 13:11,12,366,3
2021-09-29 13:11,13,451,4
2021-09-29 13:11,19,502,2
2021-09-29 13:11,22,485,3
2021-09-29 13:11,27,46,16
2021-09-29 13:16,2,163,14
2021-09-29 13:16,3,480,6
2021-09-29 13:16,4,411,11
2021-09-29 13:16,6,60,0
2021-09-29 13:16,7,126,2
2021-09-29 13:16,10,36,11
2021-09-29 13:16,12,369,6
2021-09-29 13:16,13,448,4
2021-09-29 13:16,19,496,6
2021-09-29 13:16,22,482,6
2021-09-29 13:16,27,48,11
2021-09-29 13:21,2,162,16
2021-09-29 13:21,3,489,12
2021-09-29 13:21,4,409,4
2021-09-29 13:21,6,60,0
2021-09-29 13:21,7,126,0
2021-09-29 13:21,10,36,8
2021-09-29 13:21,12,374,6
2021-09-29 13:21,13,446,8
2021-09-29 13:21,19,499,9
2021-09-29 13:21,22,479,5
2021-09-29 13:21,27,49,6
2021-09-29 13:26,2,164,23
2021-09-29 13:26,3,500,16
2021-09-29 13:26,4,410,7
2021-09-29 13:26,6,61,1
2021-09-29 13:26,7,126,0
2021-09-29 13:26,10,36,3
2021-09-29 13:26,12,374,1
2021-09-29 13:26,13,450,7
2021-09-29 13:26,19,501,4
2021-09-29 13:26,22,479,10
2021-09-29 13:26,27,47,11
2021-09-29 13:31,2,165,25
2021-09-29 13:31,3,502,13
2021-09-29 13:31,4,408,8
2021-09-29 13:31,6,61,0
2021-09-29 13:31,7,127,1
2021-09-29 13:31,10,35,3
2021-09-29 13:31,12,374,2
2021-09-29 13:31,13,451,10
2021-09-29 13:31,19,504,4
2021-09-29 13:31,22,483,7
2021-09-29 13:31,27,48,10
2021-09-29 13:36,2,164,23
2021-09-29 13:36,3,514,17
2021-09-29 13:36,4,411,9
2021-09-29 13:36,6,61,0
2021-09-29 13:36,7,128,1
2021-09-29 13:36,10,36,5
2021-09-29 13:36,12,375,3
2021-09-29 13:36,13,453,6
2021-09-29 13:36,19,515,14
2021-09-29 13:36,22,487,10
2021-09-29 13:36,27,49,7
2021-09-29 13:41,2,164,23
2021-09-29 13:41,3,533,21
2021-09-29 13:41,4,412,7
2021-09-29 13:41,6,61,0
2021-09-29 13:41,7,127,0
2021-09-29 13:41,10,36,4
2021-09-29 13:41,12,376,2
2021-09-29 13:41,13,455,9
2021-09-29 13:41,19,515,6
2021-09-29 13:41,22,498,18
2021-09-29 13:41,27,49,15
2021-09-29 13:46,2,164,16
2021-09-29 13:46,3,543,12
2021-09-29 13:46,4,404,3
2021-09-29 13:46,6,62,1
2021-09-29 13:46,7,127,0
2021-09-29 13:46,10,35,5
2021-09-29 13:46,12,377,3
2021-09-29 13:46,13,464,14
2021-09-29 13:46,19,532,21
2021-09-29 13:46,22,514,21
2021-09-29 13:46,27,48,16
2021-09-29 13:51,2,175,23
2021-09-29 13:51,3,540,7
2021-09-29 13:51,4,408,9
2021-09-29 13:51,6,61,0
2021-09-29 13:51,7,125,0
2021-09-29 13:51,10,36,5
2021-09-29 13:51,12,377,2
2021-09-29 13:51,13,469,15
2021-09-29 13:51,19,542,15
2021-09-29 13:51,22,527,19
2021-09-29 13:51,27,48,13
2021-09-29 13:56,2,172,26
2021-09-29 13:56,3,543,14
2021-09-29 13:56,4,409,14
2021-09-29 13:56,6,60,1
2021-09-29 13:56,7,125,0
2021-09-29 13:56,10,38,7
2021-09-29 13:56,12,375,1
2021-09-29 13:56,13,476,15
2021-09-29 13:56,19,552,19
2021-09-29 13:56,22,552,30
2021-09-29 13:56,27,49,20
2021-09-29 14:01,2,174,43
2021-09-29 14:01,3,523,11
2021-09-29 14:01,4,401,17
2021-09-29 14:01,6,60,0
2021-09-29 14:01,7,127,2
2021-09-29 14:01,10,39,7
2021-09-29 14:01,12,373,1
2021-09-29 14:01,13,465,16
2021-09-29 14:01,19,546,11
2021-09-29 14:01,22,558,20
2021-09-29 14:01,27,49,16
2021-09-29 14:06,2,173,36
2021-09-29 14:06,3,515,13
2021-09-29 14:06,4,399,17
2021-09-29 14:06,6,60,0
2021-09-29 14:06,7,127,1
2021-09-29 14:06,10,38,7
2021-09-29 14:06,12,378,5
2021-09-29 14:06,13,469,16
2021-09-29 14:06,19,520,5
2021-09-29 14:06,22,550,14
2021-09-29 14:06,27,47,18
2021-09-29 14:11,2,176,25
2021-09-29 14:11,3,515,12
2021-09-29 14:11,4,402,17
2021-09-29 14:11,6,59,0
2021-09-29 14:11,7,127,0
2021-09-29 14:11,10,41,8
2021-09-29 14:11,12,375,1
2021-09-29 14:11,13,474,16
2021-09-29 14:11,19,512,7
2021-09-29 14:11,22,555,16
2021-09-29 14:11,27,48,16
2021-09-29 14:16,2,166,14
2021-09-29 14:16,3,518,10
2021-09-29 14:16,4,393,4
2021-09-29 14:16,6,60,1
2021-09-29 14:16,7,126,0
2021-09-29 14:16,10,40,5
2021-09-29 14:16,12,375,2
2021-09-29 14:16,13,468,11
2021-09-29 14:16,19,496,3
2021-09-29 14:16,22,558,12
2021-09-29 14:16,27,49,15
2021-09-29 14:21,2,168,12
2021-09-29 14:21,3,519,6
2021-09-29 14:21,4,396,8
2021-09-29 14:21,6,60,1
2021-09-29 14:21,7,126,1
2021-09-29 14:21,10,41,7
2021-09-29 14:21,12,373,2
2021-09-29 14:21,13,463,9
2021-09-29 14:21,19,485,2
2021-09-29 14:21,22,551,3
2021-09-29 14:21,27,49,12
2021-09-29 14:26,2,170,14
2021-09-29 14:26,3,517,5
2021-09-29 14:26,4,398,10
2021-09-29 14:26,6,55,1
2021-09-29 14:26,7,126,0
2021-09-29 14:26,10,39,5
2021-09-29 14:26,12,370,1
2021-09-29 14:26,13,459,8
2021-09-29 14:26,19,477,2
2021-09-29 14:26,22,546,3
2021-09-29 14:26,27,51,8
2021-09-29 14:31,2,160,8
2021-09-29 14:31,3,515,2
2021-09-29 14:31,4,395,3
2021-09-29 14:31,6,52,0
2021-09-29 14:31,7,125,0
2021-09-29 14:31,10,41,4
2021-09-29 14:31,12,367,0
2021-09-29 14:31,13,454,0
2021-09-29 14:31,19,471,1
2021-09-29 14:31,22,541,2
2021-09-29 14:31,27,49,6
2021-09-29 14:36,2,159,14
2021-09-29 14:36,3,509,5
2021-09-29 14:36,4,399,7
2021-09-29 14:36,6,53,1
2021-09-29 14:36,7,125,1
2021-09-29 14:36,10,40,3
2021-09-29 14:36,12,366,1
2021-09-29 14:36,13,451,6
2021-09-29 14:36,19,463,0
2021-09-29 14:36,22,541,7
2021-09-29 14:36,27,47,10
2021-09-29 14:41,2,154,2
2021-09-29 14:41,3,507,0
2021-09-29 14:41,4,401,8
2021-09-29 14:41,6,54,3
2021-09-29 14:41,7,125,0
2021-09-29 14:41,10,40,6
2021-09-29 14:41,12,362,0
2021-09-29 14:41,13,449,3
2021-09-29 14:41,19,460,3
2021-09-29 14:41,22,542,7
2021-09-29 14:41,27,44,6
2021-09-29 14:46,2,154,9
2021-09-29 14:46,3,504,3
2021-09-29 14:46,4,397,6
2021-09-29 14:46,6,54,1
2021-09-29 14:46,7,126,1
2021-09-29 14:46,10,42,5
2021-09-29 14:46,12,360,1
2021-09-29 14:46,13,449,6
2021-09-29 14:46,19,456,0
2021-09-29 14:46,22,543,5
2021-09-29 14:46,27,45,9
2021-09-29 14:51,2,158,8
2021-09-29 14:51,3,501,0
2021-09-29 14:51,4,398,5
2021-09-29 14:51,6,54,1
2021-09-29 14:51,7,127,1
2021-09-29 14:51,10,42,10
2021-09-29 14:51,12,355,1
2021-09-29 14:51,13,452,3
2021-09-29 14:51,19,456,2
2021-09-29 14:51,22,540,3
2021-09-29 14:51,27,44,5
2021-09-29 14:56,2,155,8
2021-09-29 14:56,3,502,7
2021-09-29 14:56,4,399,4
2021-09-29 14:56,6,54,1
2021-09-29 14:56,7,127,0
2021-09-29 14:56,10,43,7
2021-09-29 14:56,12,352,1
2021-09-29 14:56,13,451,4
2021-09-29 14:56,19,458,3
2021-09-29 14:56,22,537,2
2021-09-29 14:56,27,43,6
2021-09-29 15:01,2,157,13
2021-09-29 15:01,3,503,5
2021-09-29 15:01,4,397,4
2021-09-29 15:01,6,53,2
2021-09-29 15:01,7,126,0
2021-09-29 15:01,10,43,3
2021-09-29 15:01,12,352,2
2021-09-29 15:01,13,455,7
2021-09-29 15:01,19,458,1
2021-09-29 15:01,22,535,0
2021-09-29 15:01,27,43,1
2021-09-29 15:06,2,154,12
2021-09-29 15:06,3,506,7
2021-09-29 15:06,4,394,3
2021-09-29 15:06,6,51,1
2021-09-29 15:06,7,126,0
2021-09-29 15:06,10,42,4
2021-09-29 15:06,12,349,0
2021-09-29 15:06,13,450,7
2021-09-29 15:06,19,454,3
2021-09-29 15:06,22,531,2
2021-09-29 15:06,27,44,4
2021-09-29 15:11,2,150,12
2021-09-29 15:11,3,509,8
2021-09-29 15:11,4,386,6
2021-09-29 15:11,6,49,0
2021-09-29 15:11,7,125,0
2021-09-29 15:11,10,41,3
2021-09-29 15:11,12,350,2
2021-09-29 15:11,13,438,6
2021-09-29 15:11,19,452,3
2021-09-29 15:11,22,532,14
2021-09-29 15:11,27,43,13
2021-09-29 15:16,2,154,39
2021-09-29 15:16,3,505,17
2021-09-29 15:16,4,376,15
2021-09-29 15:16,6,47,0
2021-09-29 15:16,7,125,1
2021-09-29 15:16,10,39,3
2021-09-29 15:16,12,347,0
2021-09-29 15:16,13,414,7
2021-09-29 15:16,19,449,3
2021-09-29 15:16,22,517,2
2021-09-29 15:16,27,45,11
2021-09-29 15:21,2,145,23
2021-09-29 15:21,3,501,9
2021-09-29 15:21,4,383,24
2021-09-29 15:21,6,45,0
2021-09-29 15:21,7,127,2
2021-09-29 15:21,10,38,7
2021-09-29 15:21,12,347,3
2021-09-29 15:21,13,410,7
2021-09-29 15:21,19,428,1
2021-09-29 15:21,22,511,7
2021-09-29 15:21,27,44,10
2021-09-29 15:26,2,141,25
2021-09-29 15:26,3,498,12
2021-09-29 15:26,4,392,17
2021-09-29 15:26,6,45,0
2021-09-29 15:26,7,127,0
2021-09-29 15:26,10,39,11
2021-09-29 15:26,12,342,2
2021-09-29 15:26,13,408,7
2021-09-29 15:26,19,417,3
2021-09-29 15:26,22,507,6
2021-09-29 15:26,27,41,8
2021-09-29 15:31,2,140,23
2021-09-29 15:31,3,496,10
2021-09-29 15:31,4,386,14
2021-09-29 15:31,6,46,2
2021-09-29 15:31,7,126,1
2021-09-29 15:31,10,38,6
2021-09-29 15:31,12,338,1
2021-09-29 15:31,13,402,9
2021-09-29 15:31,19,417,8
2021-09-29 15:31,22,500,7
2021-09-29 15:31,27,41,11
2021-09-29 15:36,2,137,41
2021-09-29 15:36,3,474,9
2021-09-29 15:36,4,386,24
2021-09-29 15:36,6,47,2
2021-09-29 15:36,7,125,0
2021-09-29 15:36,10,37,12
2021-09-29 15:36,12,330,2
2021-09-29 15:36,13,393,18
2021-09-29 15:36,19,409,4
2021-09-29 15:36,22,484,4
2021-09-29 15:36,27,40,14
2021-09-29 15:41,2,131,36
2021-09-29 15:41,3,462,10
2021-09-29 15:41,4,385,21
2021-09-29 15:41,6,45,1
2021-09-29 15:41,7,124,0
2021-09-29 15:41,10,36,13
2021-09-29 15:41,12,324,2
2021-09-29 15:41,13,389,21
2021-09-29 15:41,19,389,3
2021-09-29 15:41,22,458,5
2021-09-29 15:41,27,42,19
2021-09-29 15:46,2,136,44
2021-09-29 15:46,3,434,9
2021-09-29 15:46,4,379,20
2021-09-29 15:46,6,47,2
2021-09-29 15:46,7,123,1
2021-09-29 15:46,10,36,7
2021-09-29 15:46,12,319,0
2021-09-29 15:46,13,370,17
2021-09-29 15:46,19,346,4
2021-09-29 15:46,22,422,2
2021-09-29 15:46,27,43,33
2021-09-29 15:51,2,132,34
2021-09-29 15:51,3,412,4
2021-09-29 15:51,4,385,20
2021-09-29 15:51,6,49,2
2021-09-29 15:51,7,125,2
2021-09-29 15:51,10,36,6
2021-09-29 15:51,12,318,2
2021-09-29 15:51,13,358,9
2021-09-29 15:51,19,330,4
2021-09-29 15:51,22,411,3
2021-09-29 15:51,27,42,7
2021-09-29 15:56,2,128,23
2021-09-29 15:56,3,400,6
2021-09-29 15:56,4,387,14
2021-09-29 15:56,6,53,5
2021-09-29 15:56,7,124,0
2021-09-29 15:56,10,37,9
2021-09-29 15:56,12,314,1
2021-09-29 15:56,13,354,5
2021-09-29 15:56,19,312,0
2021-09-29 15:56,22,394,1
2021-09-29 15:56,27,40,13
2021-09-29 16:01,2,121,10
2021-09-29 16:01,3,392,0
2021-09-29 16:01,4,382,4
2021-09-29 16:01,6,55,2
2021-09-29 16:01,7,123,0
2021-09-29 16:01,10,38,6
2021-09-29 16:01,12,312,2
2021-09-29 16:01,13,355,9
2021-09-29 16:01,19,305,2
2021-09-29 16:01,22,377,3
2021-09-29 16:01,27,40,13
2021-09-29 16:06,2,110,7
2021-09-29 16:06,3,387,1
2021-09-29 16:06,4,379,3
2021-09-29 16:06,6,53,1
2021-09-29 16:06,7,121,0
2021-09-29 16:06,10,35,13
2021-09-29 16:06,12,300,0
2021-09-29 16:06,13,348,3
2021-09-29 16:06,19,298,0
2021-09-29 16:06,22,369,3
2021-09-29 16:06,27,39,9
2021-09-29 16:11,2,109,5
2021-09-29 16:11,3,384,1
2021-09-29 16:11,4,374,3
2021-09-29 16:11,6,54,3
2021-09-29 16:11,7,122,1
2021-09-29 16:11,10,37,9
2021-09-29 16:11,12,294,1
2021-09-29 16:11,13,344,1
2021-09-29 16:11,19,292,0
2021-09-29 16:11,22,360,3
2021-09-29 16:11,27,37,4
2021-09-29 16:16,2,108,12
2021-09-29 16:16,3,379,1
2021-09-29 16:16,4,376,6
2021-09-29 16:16,6,53,2
2021-09-29 16:16,7,122,0
2021-09-29 16:16,10,36,9
2021-09-29 16:16,12,285,0
2021-09-29 16:16,13,344,4
2021-09-29 16:16,19,286,1
2021-09-29 16:16,22,358,6
2021-09-29 16:16,27,40,10
2021-09-29 16:21,2,109,11
2021-09-29 16:21,3,379,4
2021-09-29 16:21,4,381,9
2021-09-29 16:21,6,54,1
2021-09-29 16:21,7,122,0
2021-09-29 16:21,10,37,8
2021-09-29 16:21,12,278,0
2021-09-29 16:21,13,339,2
2021-09-29 16:21,19,282,0
2021-09-29 16:21,22,351,2
2021-09-29 16:21,27,33,7
2021-09-29 16:26,2,112,15
2021-09-29 16:26,3,376,3
2021-09-29 16:26,4,380,10
2021-09-29 16:26,6,54,0
2021-09-29 16:26,7,121,0
2021-09-29 16:26,10,38,9
2021-09-29 16:26,12,274,2
2021-09-29 16:26,13,338,4
2021-09-29 16:26,19,271,0
2021-09-29 16:26,22,349,3
2021-09-29 16:26,27,33,4
2021-09-29 16:31,2,110,23
2021-09-29 16:31,3,364,4
2021-09-29 16:31,4,384,7
2021-09-29 16:31,6,54,1
2021-09-29 16:31,7,120,1
2021-09-29 16:31,10,38,12
2021-09-29 16:31,12,268,3
2021-09-29 16:31,13,333,1
2021-09-29 16:31,19,263,0
2021-09-29 16:31,22,344,3
2021-09-29 16:31,27,35,5
2021-09-29 16:36,2,104,20
2021-09-29 16:36,3,353,3
2021-09-29 16:36,4,387,8
2021-09-29 16:36,6,52,0
2021-09-29 16:36,7,120,1
2021-09-29 16:36,10,38,16
2021-09-29 16:36,12,260,4
2021-09-29 16:36,13,332,4
2021-09-29 16:36,19,256,0
2021-09-29 16:36,22,333,4
2021-09-29 16:36,27,35,10
2021-09-29 16:41,2,102,13
2021-09-29 16:41,3,343,2
2021-09-29 16:41,4,395,11
2021-09-29 16:41,6,50,2
2021-09-29 16:41,7,120,1
2021-09-29 16:41,10,39,12
2021-09-29 16:41,12,253,2
2021-09-29 16:41,13,329,1
2021-09-29 16:41,19,249,0
2021-09-29 16:41,22,326,0
2021-09-29 16:41,27,33,3
2021-09-29 16:46,2,101,14
2021-09-29 16:46,3,337,3
2021-09-29 16:46,4,396,6
2021-09-29 16:46,6,52,3
2021-09-29 16:46,7,118,0
2021-09-29 16:46,10,35,15
2021-09-29 16:46,12,242,2
2021-09-29 16:46,13,328,5
2021-09-29 16:46,19,241,2
2021-09-29 16:46,22,317,1
2021-09-29 16:46,27,33,7
2021-09-29 16:51,2,98,8
2021-09-29 16:51,3,331,1
2021-09-29 16:51,4,400,11
2021-09-29 16:51,6,52,1
2021-09-29 16:51,7,115,0
2021-09-29 16:51,10,35,11
2021-09-29 16:51,12,233,1
2021-09-29 16:51,13,320,2
2021-09-29 16:51,19,233,0
2021-09-29 16:51,22,301,1
2021-09-29 16:51,27,32,5
2021-09-29 16:56,2,99,14
2021-09-29 16:56,3,327,4
2021-09-29 16:56,4,395,6
2021-09-29 16:56,6,52,0
2021-09-29 16:56,7,117,2
2021-09-29 16:56,10,34,13
2021-09-29 16:56,12,226,3
2021-09-29 16:56,13,317,4
2021-09-29 16:56,19,227,0
2021-09-29 16:56,22,293,1
2021-09-29 16:56,27,38,8
2021-09-29 17:01,2,97,10
2021-09-29 17:01,3,319,1
2021-09-29 17:01,4,381,12
2021-09-29 17:01,6,53,2
2021-09-29 17:01,7,114,1
2021-09-29 17:01,10,35,14
2021-09-29 17:01,12,217,1
2021-09-29 17:01,13,313,4
2021-09-29 17:01,19,225,4
2021-09-29 17:01,22,281,1
2021-09-29 17:01,27,37,8
2021-09-29 17:06,2,91,20
2021-09-29 17:06,3,302,0
2021-09-29 17:06,4,363,7
2021-09-29 17:06,6,50,0
2021-09-29 17:06,7,111,1
2021-09-29 17:06,10,36,20
2021-09-29 17:06,12,203,4
2021-09-29 17:06,13,306,3
2021-09-29 17:06,19,216,0
2021-09-29 17:06,22,276,2
2021-09-29 17:06,27,33,5
2021-09-29 17:11,2,95,47
2021-09-29 17:11,3,267,6
2021-09-29 17:11,4,362,13
2021-09-29 17:11,6,46,2
2021-09-29 17:11,7,109,0
2021-09-29 17:11,10,33,28
2021-09-29 17:11,12,176,0
2021-09-29 17:11,13,290,10
2021-09-29 17:11,19,193,2
2021-09-29 17:11,22,261,2
2021-09-29 17:11,27,32,8
2021-09-29 17:16,2,88,31
2021-09-29 17:16,3,246,4
2021-09-29 17:16,4,349,18
2021-09-29 17:16,6,47,2
2021-09-29 17:16,7,109,0
2021-09-29 17:16,10,33,26
2021-09-29 17:16,12,153,1
2021-09-29 17:16,13,266,8
2021-09-29 17:16,19,171,0
2021-09-29 17:16,22,250,3
2021-09-29 17:16,27,29,8
2021-09-29 17:21,2,90,29
2021-09-29 17:21,3,226,3
2021-09-29 17:21,4,335,21
2021-09-29 17:21,6,44,2
2021-09-29 17:21,7,109,2
2021-09-29 17:21,10,33,17
2021-09-29 17:21,12,138,1
2021-09-29 17:21,13,247,15
2021-09-29 17:21,19,150,0
2021-09-29 17:21,22,243,4
2021-09-29 17:21,27,30,7
2021-09-29 17:26,2,86,27
2021-09-29 17:26,3,207,3
2021-09-29 17:26,4,326,16
2021-09-29 17:26,6,45,2
2021-09-29 17:26,7,108,1
2021-09-29 17:26,10,31,12
2021-09-29 17:26,12,126,0
2021-09-29 17:26,13,231,9
2021-09-29 17:26,19,124,0
2021-09-29 17:26,22,226,5
2021-09-29 17:26,27,27,16
2021-09-29 17:31,2,83,13
2021-09-29 17:31,3,195,0
2021-09-29 17:31,4,332,15
2021-09-29 17:31,6,43,0
2021-09-29 17:31,7,109,1
2021-09-29 17:31,10,30,10
2021-09-29 17:31,12,122,2
2021-09-29 17:31,13,227,8
2021-09-29 17:31,19,115,0
2021-09-29 17:31,22,207,1
2021-09-29 17:31,27,24,13
2021-09-29 17:36,2,85,7
2021-09-29 17:36,3,195,2
2021-09-29 17:36,4,335,12
2021-09-29 17:36,6,44,3
2021-09-29 17:36,7,110,1
2021-09-29 17:36,10,30,7
2021-09-29 17:36,12,116,0
2021-09-29 17:36,13,235,12
2021-09-29 17:36,19,111,0
2021-09-29 17:36,22,196,6
2021-09-29 17:36,27,25,17
2021-09-29 17:41,2,84,12
2021-09-29 17:41,3,193,3
2021-09-29 17:41,4,339,11
2021-09-29 17:41,6,45,1
2021-09-29 17:41,7,110,0
2021-09-29 17:41,10,29,7
2021-09-29 17:41,12,110,1
2021-09-29 17:41,13,240,11
2021-09-29 17:41,19,108,0
2021-09-29 17:41,22,184,2
2021-09-29 17:41,27,23,11
2021-09-29 17:46,2,81,11
2021-09-29 17:46,3,184,1
2021-09-29 17:46,4,345,15
2021-09-29 17:46,6,47,2
2021-09-29 17:46,7,111,2
2021-09-29 17:46,10,29,5
2021-09-29 17:46,12,108,1
2021-09-29 17:46,13,241,5
2021-09-29 17:46,19,105,0
2021-09-29 17:46,22,176,1
2021-09-29 17:46,27,26,9
2021-09-29 17:51,2,84,11
2021-09-29 17:51,3,180,2
2021-09-29 17:51,4,350,12
2021-09-29 17:51,6,45,0
2021-09-29 17:51,7,116,5
2021-09-29 17:51,10,29,9
2021-09-29 17:51,12,101,1
2021-09-29 17:51,13,241,8
2021-09-29 17:51,19,100,0
2021-09-29 17:51,22,172,2
2021-09-29 17:51,27,27,6
2021-09-29 17:56,2,84,8
2021-09-29 17:56,3,177,1
2021-09-29 17:56,4,348,3
2021-09-29 17:56,6,45,1
2021-09-29 17:56,7,117,1
2021-09-29 17:56,10,29,4
2021-09-29 17:56,12,97,0
2021-09-29 17:56,13,245,6
2021-09-29 17:56,19,97,0
2021-09-29 17:56,22,169,3
2021-09-29 17:56,27,25,4
2021-09-29 18:01,2,83,9
2021-09-29 18:01,3,177,4
2021-09-29 18:01,4,350,11
2021-09-29 18:01,6,45,0
2021-09-29 18:01,7,117,1
2021-09-29 18:01,10,29,5
2021-09-29 18:01,12,93,0
2021-09-29 18:01,13,263,21
2021-09-29 18:01,19,96,0
2021-09-29 18:01,22,166,3
2021-09-29 18:01,27,24,8
2021-09-29 18:06,2,85,20
2021-09-29 18:06,3,164,1
2021-09-29 18:06,4,344,2
2021-09-29 18:06,6,45,1
2021-09-29 18:06,7,116,0
2021-09-29 18:06,10,28,8
2021-09-29 18:06,12,85,0
2021-09-29 18:06,13,269,14
2021-09-29 18:06,19,94,0
2021-09-29 18:06,22,158,1
2021-09-29 18:06,27,24,8
2021-09-29 18:11,2,83,14
2021-09-29 18:11,3,154,1
2021-09-29 18:11,4,344,11
2021-09-29 18:11,6,44,0
2021-09-29 18:11,7,115,0
2021-09-29 18:11,10,28,12
2021-09-29 18:11,12,74,0
2021-09-29 18:11,13,280,20
2021-09-29 18:11,19,93,1
2021-09-29 18:11,22,151,0
2021-09-29 18:11,27,27,7
2021-09-29 18:16,2,82,9
2021-09-29 18:16,3,154,2
2021-09-29 18:16,4,341,11
2021-09-29 18:16,6,44,1
2021-09-29 18:16,7,119,4
2021-09-29 18:16,10,26,3
2021-09-29 18:16,12,74,2
2021-09-29 18:16,13,293,19
2021-09-29 18:16,19,79,0
2021-09-29 18:16,22,146,0
2021-09-29 18:16,27,27,4
2021-09-29 18:21,2,86,8
2021-09-29 18:21,3,153,1
2021-09-29 18:21,4,340,6
2021-09-29 18:21,6,45,2
2021-09-29 18:21,7,119,0
2021-09-29 18:21,10,27,7
2021-09-29 18:21,12,69,0
2021-09-29 18:21,13,300,13
2021-09-29 18:21,19,72,0
2021-09-29 18:21,22,141,1
2021-09-29 18:21,27,26,5
2021-09-29 18:26,2,90,12
2021-09-29 18:26,3,146,0
2021-09-29 18:26,4,350,16
2021-09-29 18:26,6,48,5
2021-09-29 18:26,7,119,2
2021-09-29 18:26,10,25,6
2021-09-29 18:26,12,63,0
2021-09-29 18:26,13,311,24
2021-09-29 18:26,19,70,0
2021-09-29 18:26,22,140,4
2021-09-29 18:26,27,24,5
2021-09-29 18:31,2,86,9
2021-09-29 18:31,3,142,2
2021-09-29 18:31,4,345,4
2021-09-29 18:31,6,49,1
2021-09-29 18:31,7,119,2
2021-09-29 18:31,10,25,3
2021-09-29 18:31,12,60,0
2021-09-29 18:31,13,309,11
2021-09-29 18:31,19,68,0
2021-09-29 18:31,22,139,4
2021-09-29 18:31,27,23,6
2021-09-29 18:36,2,90,14
2021-09-29 18:36,3,136,2
2021-09-29 18:36,4,352,13
2021-09-29 18:36,6,48,1
2021-09-29 18:36,7,119,1
2021-09-29 18:36,10,23,2
2021-09-29 18:36,12,58,0
2021-09-29 18:36,13,302,8
2021-09-29 18:36,19,67,0
2021-09-29 18:36,22,137,3
2021-09-29 18:36,27,26,5
2021-09-29 18:41,2,99,16
2021-09-29 18:41,3,127,0
2021-09-29 18:41,4,343,14
2021-09-29 18:41,6,48,2
2021-09-29 18:41,7,120,1
2021-09-29 18:41,10,23,5
2021-09-29 18:41,12,55,1
2021-09-29 18:41,13,308,10
2021-09-29 18:41,19,64,0
2021-09-29 18:41,22,133,1
2021-09-29 18:41,27,29,6
2021-09-29 18:46,2,98,6
2021-09-29 18:46,3,131,4
2021-09-29 18:46,4,331,5
2021-09-29 18:46,6,49,2
2021-09-29 18:46,7,120,1
2021-09-29 18:46,10,23,2
2021-09-29 18:46,12,53,0
2021-09-29 18:46,13,302,6
2021-09-29 18:46,19,61,0
2021-09-29 18:46,22,127,1
2021-09-29 18:46,27,29,6
2021-09-29 18:51,2,103,14
2021-09-29 18:51,3,127,1
2021-09-29 18:51,4,323,4
2021-09-29 18:51,6,49,3
2021-09-29 18:51,7,119,0
2021-09-29 18:51,10,24,4
2021-09-29 18:51,12,49,0
2021-09-29 18:51,13,292,1
2021-09-29 18:51,19,59,0
2021-09-29 18:51,22,124,2
2021-09-29 18:51,27,27,5
2021-09-29 18:56,2,105,15
2021-09-29 18:56,3,125,4
2021-09-29 18:56,4,317,6
2021-09-29 18:56,6,51,2
2021-09-29 18:56,7,120,1
2021-09-29 18:56,10,26,6
2021-09-29 18:56,12,45,0
2021-09-29 18:56,13,282,4
2021-09-29 18:56,19,55,0
2021-09-29 18:56,22,119,0
2021-09-29 18:56,27,24,2
2021-09-29 19:01,2,106,10
2021-09-29 19:01,3,122,1
2021-09-29 19:01,4,298,7
2021-09-29 19:01,6,54,3
2021-09-29 19:01,7,120,0
2021-09-29 19:01,10,24,6
2021-09-29 19:01,12,40,0
2021-09-29 19:01,13,259,6
2021-09-29 19:01,19,56,2
2021-09-29 19:01,22,118,2
2021-09-29 19:01,27,28,5
2021-09-29 19:06,2,103,6
2021-09-29 19:06,3,118,1
2021-09-29 19:06,4,296,10
2021-09-29 19:06,6,53,3
2021-09-29 19:06,7,120,0
2021-09-29 19:06,10,24,3
2021-09-29 19:06,12,39,1
2021-09-29 19:06,13,257,7
2021-09-29 19:06,19,52,1
2021-09-29 19:06,22,117,7
2021-09-29 19:06,27,31,12
2021-09-29 19:11,2,104,8
2021-09-29 19:11,3,113,0
2021-09-29 19:11,4,301,12
2021-09-29 19:11,6,53,1
2021-09-29 19:11,7,118,0
2021-09-29 19:11,10,23,1
2021-09-29 19:11,12,39,0
2021-09-29 19:11,13,249,2
2021-09-29 19:11,19,46,1
2021-09-29 19:11,22,117,6
2021-09-29 19:11,27,32,12
2021-09-29 19:16,2,110,8
2021-09-29 19:16,3,113,1
2021-09-29 19:16,4,305,11
2021-09-29 19:16,6,55,2
2021-09-29 19:16,7,117,0
2021-09-29 19:16,10,23,3
2021-09-29 19:16,12,39,1
2021-09-29 19:16,13,250,4
2021-09-29 19:16,19,45,0
2021-09-29 19:16,22,110,3
2021-09-29 19:16,27,29,8
2021-09-29 19:21,2,107,2
2021-09-29 19:21,3,112,1
2021-09-29 19:21,4,314,19
2021-09-29 19:21,6,55,1
2021-09-29 19:21,7,115,0
2021-09-29 19:21,10,23,3
2021-09-29 19:21,12,37,0
2021-09-29 19:21,13,242,2
2021-09-29 19:21,19,42,1
2021-09-29 19:21,22,107,2
2021-09-29 19:21,27,32,7
2021-09-29 19:26,2,110,7
2021-09-29 19:26,3,109,0
2021-09-29 19:26,4,322,19
2021-09-29 19:26,6,57,2
2021-09-29 19:26,7,112,0
2021-09-29 19:26,10,24,1
2021-09-29 19:26,12,36,0
2021-09-29 19:26,13,241,6
2021-09-29 19:26,19,41,2
2021-09-29 19:26,22,107,5
2021-09-29 19:26,27,31,6
2021-09-29 19:31,2,108,3
2021-09-29 19:31,3,106,0
2021-09-29 19:31,4,317,9
2021-09-29 19:31,6,56,0
2021-09-29 19:31,7,112,1
2021-09-29 19:31,10,22,1
2021-09-29 19:31,12,35,0
2021-09-29 19:31,13,237,3
2021-09-29 19:31,19,41,0
2021-09-29 19:31,22,107,3
2021-09-29 19:31,27,31,2
2021-09-29 19:36,2,109,4
2021-09-29 19:36,3,103,0
2021-09-29 19:36,4,298,3
2021-09-29 19:36,6,56,0
2021-09-29 19:36,7,114,3
2021-09-29 19:36,10,22,0
2021-09-29 19:36,12,35,0
2021-09-29 19:36,13,240,8
2021-09-29 19:36,19,40,1
2021-09-29 19:36,22,107,1
2021-09-29 19:36,27,31,1
2021-09-29 19:41,2,108,6
2021-09-29 19:41,3,98,0
2021-09-29 19:41,4,283,5
2021-09-29 19:41,6,56,1
2021-09-29 19:41,7,114,0
2021-09-29 19:41,10,23,2
2021-09-29 19:41,12,34,0
2021-09-29 19:41,13,241,8
2021-09-29 19:41,19,37,0
2021-09-29 19:41,22,104,2
2021-09-29 19:41,27,28,5
2021-09-29 19:46,2,111,9
2021-09-29 19:46,3,92,0
2021-09-29 19:46,4,273,7
2021-09-29 19:46,6,51,0
2021-09-29 19:46,7,114,0
2021-09-29 19:46,10,24,3
2021-09-29 19:46,12,31,0
2021-09-29 19:46,13,256,16
2021-09-29 19:46,19,36,1
2021-09-29 19:46,22,101,1
2021-09-29 19:46,27,29,3
2021-09-29 19:51,2,108,3
2021-09-29 19:51,3,93,2
2021-09-29 19:51,4,275,9
2021-09-29 19:51,6,51,1
2021-09-29 19:51,7,114,1
2021-09-29 19:51,10,23,6
2021-09-29 19:51,12,27,1
2021-09-29 19:51,13,255,0
2021-09-29 19:51,19,30,1
2021-09-29 19:51,22,99,5
2021-09-29 19:51,27,28,4
2021-09-29 19:56,2,106,0
2021-09-29 19:56,3,93,0
2021-09-29 19:56,4,269,6
2021-09-29 19:56,6,52,2
2021-09-29 19:56,7,118,4
2021-09-29 19:56,10,22,1
2021-09-29 19:56,12,26,0
2021-09-29 19:56,13,264,11
2021-09-29 19:56,19,29,0
2021-09-29 19:56,22,96,1
2021-09-29 19:56,27,27,4
2021-09-29 20:01,2,105,0
2021-09-29 20:01,3,93,0
2021-09-29 20:01,4,269,5
2021-09-29 20:01,6,53,1
2021-09-29 20:01,7,118,0
2021-09-29 20:01,10,22,2
2021-09-29 20:01,12,24,0
2021-09-29 20:01,13,267,10
2021-09-29 20:01,19,25,0
2021-09-29 20:01,22,87,0
2021-09-29 20:01,27,26,6
2021-09-29 20:06,2,107,6
2021-09-29 20:06,3,91,1
2021-09-29 20:06,4,260,3
2021-09-29 20:06,6,49,0
2021-09-29 20:06,7,119,1
2021-09-29 20:06,10,21,3
2021-09-29 20:06,12,21,0
2021-09-29 20:06,13,267,4
2021-09-29 20:06,19,25,0
2021-09-29 20:06,22,86,1
2021-09-29 20:06,27,25,1
2021-09-29 20:11,2,103,11
2021-09-29 20:11,3,84,2
2021-09-29 20:11,4,245,1
2021-09-29 20:11,6,48,1
2021-09-29 20:11,7,118,1
2021-09-29 20:11,10,19,2
2021-09-29 20:11,12,21,1
2021-09-29 20:11,13,259,4
2021-09-29 20:11,19,23,0
2021-09-29 20:11,22,85,1
2021-09-29 20:11,27,23,1
2021-09-29 20:16,2,94,13
2021-09-29 20:16,3,74,1
2021-09-29 20:16,4,240,3
2021-09-29 20:16,6,46,1
2021-09-29 20:16,7,118,1
2021-09-29 20:16,10,19,3
2021-09-29 20:16,12,21,1
2021-09-29 20:16,13,220,2
2021-09-29 20:16,19,20,0
2021-09-29 20:16,22,81,0
2021-09-29 20:16,27,22,4
2021-09-29 20:21,2,78,10
2021-09-29 20:21,3,64,0
2021-09-29 20:21,4,238,7
2021-09-29 20:21,6,49,5
2021-09-29 20:21,7,118,0
2021-09-29 20:21,10,18,1
2021-09-29 20:21,12,21,1
2021-09-29 20:21,13,190,4
2021-09-29 20:21,19,19,0
2021-09-29 20:21,22,81,3
2021-09-29 20:21,27,23,3
2021-09-29 20:26,2,72,7
2021-09-29 20:26,3,59,1
2021-09-29 20:26,4,213,11
2021-09-29 20:26,6,46,0
2021-09-29 20:26,7,117,0
2021-09-29 20:26,10,18,5
2021-09-29 20:26,12,18,1
2021-09-29 20:26,13,175,0
2021-09-29 20:26,19,19,1
2021-09-29 20:26,22,82,1
2021-09-29 20:26,27,24,2
2021-09-29 20:31,2,74,6
2021-09-29 20:31,3,59,1
2021-09-29 20:31,4,202,6
2021-09-29 20:31,6,45,0
2021-09-29 20:31,7,117,0
2021-09-29 20:31,10,18,1
2021-09-29 20:31,12,19,1
2021-09-29 20:31,13,163,1
2021-09-29 20:31,19,16,0
2021-09-29 20:31,22,82,3
2021-09-29 20:31,27,24,2
2021-09-29 20:36,2,76,6
2021-09-29 20:36,3,56,0
2021-09-29 20:36,4,196,4
2021-09-29 20:36,6,46,2
2021-09-29 20:36,7,117,0
2021-09-29 20:36,10,18,5
2021-09-29 20:36,12,16,1
2021-09-29 20:36,13,152,1
2021-09-29 20:36,19,14,0
2021-09-29 20:36,22,80,0
2021-09-29 20:36,27,25,1
2021-09-29 20:41,2,70,6
2021-09-29 20:41,3,52,1
2021-09-29 20:41,4,185,3
2021-09-29 20:41,6,45,0
2021-09-29 20:41,7,117,0
2021-09-29 20:41,10,17,5
2021-09-29 20:41,12,16,2
2021-09-29 20:41,13,146,0
2021-09-29 20:41,19,12,0
2021-09-29 20:41,22,75,1
2021-09-29 20:41,27,22,6
2021-09-29 20:46,2,68,5
2021-09-29 20:46,3,47,0
2021-09-29 20:46,4,177,2
2021-09-29 20:46,6,44,0
2021-09-29 20:46,7,118,1
2021-09-29 20:46,10,17,0
2021-09-29 20:46,12,16,0
2021-09-29 20:46,13,143,4
2021-09-29 20:46,19,12,0
2021-09-29 20:46,22,69,1
2021-09-29 20:46,27,17,6
2021-09-29 20:51,2,68,4
2021-09-29 20:51,3,43,0
2021-09-29 20:51,4,168,1
2021-09-29 20:51,6,45,1
2021-09-29 20:51,7,118,0
2021-09-29 20:51,10,18,1
2021-09-29 20:51,12,16,0
2021-09-29 20:51,13,138,1
2021-09-29 20:51,19,11,1
2021-09-29 20:51,22,64,0
2021-09-29 20:51,27,17,6
2021-09-29 20:56,2,70,3
2021-09-29 20:56,3,42,0
2021-09-29 20:56,4,164,3
2021-09-29 20:56,6,45,0
2021-09-29 20:56,7,118,0
2021-09-29 20:56,10,18,0
2021-09-29 20:56,12,16,0
2021-09-29 20:56,13,133,0
2021-09-29 20:56,19,9,0
2021-09-29 20:56,22,60,2
2021-09-29 20:56,27,13,3
2021-09-29 21:01,2,69,4
2021-09-29 21:01,3,41,1
2021-09-29 21:01,4,157,1
2021-09-29 21:01,6,43,2
2021-09-29 21:01,7,119,1
2021-09-29 21:01,10,18,0
2021-09-29 21:01,12,16,0
2021-09-29 21:01,13,127,1
2021-09-29 21:01,19,7,0
2021-09-29 21:01,22,59,0
2021-09-29 21:01,27,13,1
2021-09-29 21:06,2,69,3
2021-09-29 21:06,3,38,0
2021-09-29 21:06,4,151,2
2021-09-29 21:06,6,41,1
2021-09-29 21:06,7,119,0
2021-09-29 21:06,10,18,2
2021-09-29 21:06,12,14,0
2021-09-29 21:06,13,121,2
2021-09-29 21:06,19,8,1
2021-09-29 21:06,22,58,1
2021-09-29 21:06,27,15,3
2021-09-29 21:11,2,64,6
2021-09-29 21:11,3,33,0
2021-09-29 21:11,4,151,6
2021-09-29 21:11,6,39,0
2021-09-29 21:11,7,120,2
2021-09-29 21:11,10,18,0
2021-09-29 21:11,12,14,0
2021-09-29 21:11,13,83,1
2021-09-29 21:11,19,7,0
2021-09-29 21:11,22,57,2
2021-09-29 21:11,27,14,4
2021-09-29 21:16,2,62,6
2021-09-29 21:16,3,35,3
2021-09-29 21:16,4,135,3
2021-09-29 21:16,6,37,0
2021-09-29 21:16,7,122,2
2021-09-29 21:16,10,18,0
2021-09-29 21:16,12,14,0
2021-09-29 21:16,13,79,4
2021-09-29 21:16,19,6,0
2021-09-29 21:16,22,56,0
2021-09-29 21:16,27,12,1
2021-09-29 21:21,2,58,3
2021-09-29 21:21,3,33,0
2021-09-29 21:21,4,124,3
2021-09-29 21:21,6,37,0
2021-09-29 21:21,7,122,2
2021-09-29 21:21,10,18,1
2021-09-29 21:21,12,13,0
2021-09-29 21:21,13,77,2
2021-09-29 21:21,19,7,1
2021-09-29 21:21,22,54,2
2021-09-29 21:21,27,12,3
2021-09-29 21:26,2,56,4
2021-09-29 21:26,3,30,0
2021-09-29 21:26,4,120,1
2021-09-29 21:26,6,37,1
2021-09-29 21:26,7,122,0
2021-09-29 21:26,10,18,0
2021-09-29 21:26,12,13,0
2021-09-29 21:26,13,75,0
2021-09-29 21:26,19,7,0
2021-09-29 21:26,22,54,0
2021-09-29 21:26,27,11,0
2021-09-29 21:31,2,53,5
2021-09-29 21:31,3,29,2
2021-09-29 21:31,4,116,0
2021-09-29 21:31,6,37,1
2021-09-29 21:31,7,122,0
2021-09-29 21:31,10,19,1
2021-09-29 21:31,12,13,0
2021-09-29 21:31,13,73,0
2021-09-29 21:31,19,8,2
2021-09-29 21:31,22,51,0
2021-09-29 21:31,27,11,3
2021-09-29 21:36,2,55,4
2021-09-29 21:36,3,27,0
2021-09-29 21:36,4,99,0
2021-09-29 21:36,6,34,0
2021-09-29 21:36,7,122,0
2021-09-29 21:36,10,17,1
2021-09-29 21:36,12,13,1
2021-09-29 21:36,13,71,0
2021-09-29 21:36,19,6,0
2021-09-29 21:36,22,51,1
2021-09-29 21:36,27,9,1
2021-09-29 21:41,2,51,3
2021-09-29 21:41,3,24,0
2021-09-29 21:41,4,89,4
2021-09-29 21:41,6,32,0
2021-09-29 21:41,7,122,0
2021-09-29 21:41,10,16,0
2021-09-29 21:41,12,13,0
2021-09-29 21:41,13,61,1
2021-09-29 21:41,19,6,0
2021-09-29 21:41,22,51,0
2021-09-29 21:41,27,10,1
2021-09-29 21:46,2,48,3
2021-09-29 21:46,3,23,1
2021-09-29 21:46,4,79,3
2021-09-29 21:46,6,32,0
2021-09-29 21:46,7,122,0
2021-09-29 21:46,10,14,2
2021-09-29 21:46,12,11,0
2021-09-29 21:46,13,54,0
2021-09-29 21:46,19,6,0
2021-09-29 21:46,22,51,0
2021-09-29 21:46,27,10,0
2021-09-29 21:51,2,48,2
2021-09-29 21:51,3,23,1
2021-09-29 21:51,4,74,2
2021-09-29 21:51,6,30,0
2021-09-29 21:51,7,123,1
2021-09-29 21:51,10,14,1
2021-09-29 21:51,12,10,0
2021-09-29 21:51,13,47,0
2021-09-29 21:51,19,5,0
2021-09-29 21:51,22,50,1
2021-09-29 21:51,27,10,2
2021-09-29 21:56,2,49,3
2021-09-29 21:56,3,21,0
2021-09-29 21:56,4,72,0
2021-09-29 21:56,6,26,0
2021-09-29 21:56,7,122,0
2021-09-29 21:56,10,14,0
2021-09-29 21:56,12,10,0
2021-09-29 21:56,13,37,0
2021-09-29 21:56,19,5,0
2021-09-29 21:56,22,48,1
2021-09-29 21:56,27,9,1
2021-09-29 22:01,2,45,1
2021-09-29 22:01,3,21,0
2021-09-29 22:01,4,63,0
2021-09-29 22:01,6,23,1
2021-09-29 22:01,7,122,0
2021-09-29 22:01,10,12,2
2021-09-29 22:01,12,9,0
2021-09-29 22:01,13,30,0
2021-09-29 22:01,19,5,0
2021-09-29 22:01,22,47,0
2021-09-29 22:01,27,9,0
2021-09-29 22:06,2,41,1
2021-09-29 22:06,3,21,1
2021-09-29 22:06,4,59,1
2021-09-29 22:06,6,23,1
2021-09-29 22:06,7,122,0
2021-09-29 22:06,10,12,2
2021-09-29 22:06,12,7,0
2021-09-29 22:06,13,24,1
2021-09-29 22:06,19,5,0
2021-09-29 22:06,22,45,0
2021-09-29 22:06,27,8,0
2021-09-29 22:11,2,35,4
2021-09-29 22:11,3,17,0
2021-09-29 22:11,4,56,1
2021-09-29 22:11,6,21,0
2021-09-29 22:11,7,122,0
2021-09-29 22:11,10,11,0
2021-09-29 22:11,12,7,0
2021-09-29 22:11,13,21,1
2021-09-29 22:11,19,6,1
2021-09-29 22:11,22,45,1
2021-09-29 22:11,27,7,0
2021-09-29 22:16,2,34,3
2021-09-29 22:16,3,14,0
2021-09-29 22:16,4,49,0
2021-09-29 22:16,6,17,0
2021-09-29 22:16,7,125,3
2021-09-29 22:16,10,11,2
2021-09-29 22:16,12,6,0
2021-09-29 22:16,13,21,0
2021-09-29 22:16,19,3,0
2021-09-29 22:16,22,44,0
2021-09-29 22:16,27,6,1
2021-09-29 22:21,2,31,3
2021-09-29 22:21,3,12,0
2021-09-29 22:21,4,45,1
2021-09-29 22:21,6,17,0
2021-09-29 22:21,7,126,1
2021-09-29 22:21,10,11,0
2021-09-29 22:21,12,6,0
2021-09-29 22:21,13,18,0
2021-09-29 22:21,19,3,0
2021-09-29 22:21,22,45,1
2021-09-29 22:21,27,7,1
2021-09-29 22:26,2,30,1
2021-09-29 22:26,3,13,1
2021-09-29 22:26,4,43,0
2021-09-29 22:26,6,16,0
2021-09-29 22:26,7,126,0
2021-09-29 22:26,10,11,0
2021-09-29 22:26,12,6,0
2021-09-29 22:26,13,17,0
2021-09-29 22:26,19,4,1
2021-09-29 22:26,22,44,0
2021-09-29 22:26,27,7,1
2021-09-29 22:31,2,29,0
2021-09-29 22:31,3,13,0
2021-09-29 22:31,4,41,1
2021-09-29 22:31,6,15,0
2021-09-29 22:31,7,126,0
2021-09-29 22:31,10,11,0
2021-09-29 22:31,12,6,0
2021-09-29 22:31,13,17,0
2021-09-29 22:31,19,4,0
2021-09-29 22:31,22,45,2
2021-09-29 22:31,27,8,3
2021-09-29 22:36,2,27,0
2021-09-29 22:36,3,13,0
2021-09-29 22:36,4,35,0
2021-09-29 22:36,6,14,0
2021-09-29 22:36,7,127,1
2021-09-29 22:36,10,11,0
2021-09-29 22:36,12,6,0
2021-09-29 22:36,13,17,0
2021-09-29 22:36,19,2,1
2021-09-29 22:36,22,44,0
2021-09-29 22:36,27,8,0
2021-09-29 22:41,2,27,0
2021-09-29 22:41,3,13,0
2021-09-29 22:41,4,33,0
2021-09-29 22:41,6,14,0
2021-09-29 22:41,7,127,0
2021-09-29 22:41,10,13,2
2021-09-29 22:41,12,4,0
2021-09-29 22:41,13,17,0
2021-09-29 22:41,19,2,0
2021-09-29 22:41,22,42,1
2021-09-29 22:41,27,6,0
2021-09-29 22:46,2,27,0
2021-09-29 22:46,3,13,0
2021-09-29 22:46,4,28,0
2021-09-29 22:46,6,13,0
2021-09-29 22:46,7,128,1
2021-09-29 22:46,10,12,1
2021-09-29 22:46,12,3,0
2021-09-29 22:46,13,16,0
2021-09-29 22:46,19,2,0
2021-09-29 22:46,22,42,0
2021-09-29 22:46,27,5,0
2021-09-29 22:51,2,27,0
2021-09-29 22:51,3,13,0
2021-09-29 22:51,4,28,1
2021-09-29 22:51,6,13,0
2021-09-29 22:51,7,128,0
2021-09-29 22:51,10,11,3
2021-09-29 22:51,12,1,0
2021-09-29 22:51,13,15,0
2021-09-29 22:51,19,2,0
2021-09-29 22:51,22,41,0
2021-09-29 22:51,27,5,0
2021-09-29 22:56,2,27,0
2021-09-29 22:56,3,13,0
2021-09-29 22:56,4,26,0
2021-09-29 22:56,6,13,0
2021-09-29 22:56,7,128,1
2021-09-29 22:56,10,12,1
2021-09-29 22:56,12,1,0
2021-09-29 22:56,13,16,1
2021-09-29 22:56,19,2,0
2021-09-29 22:56,22,40,1
2021-09-29 22:56,27,6,2
2021-09-29 23:01,2,26,0
2021-09-29 23:01,3,13,0
2021-09-29 23:01,4,25,0
2021-09-29 23:01,6,13,0
2021-09-29 23:01,7,129,1
2021-09-29 23:01,10,11,2
2021-09-29 23:01,12,0,1
2021-09-29 23:01,13,16,0
2021-09-29 23:01,19,2,0
2021-09-29 23:01,22,40,0
2021-09-29 23:01,27,4,0
2021-09-29 23:06,2,25,2
2021-09-29 23:06,3,11,0
2021-09-29 23:06,4,24,0
2021-09-29 23:06,6,13,0
2021-09-29 23:06,7,129,0
2021-09-29 23:06,10,11,1
2021-09-29 23:06,12,1,1
2021-09-29 23:06,13,16,0
2021-09-29 23:06,19,2,0
2021-09-29 23:06,22,39,1
2021-09-29 23:06,27,4,0
2021-09-29 23:11,2,25,0
2021-09-29 23:11,3,11,0
2021-09-29 23:11,4,21,1
2021-09-29 23:11,6,12,0
2021-09-29 23:11,7,128,0
2021-09-29 23:11,10,10,0
2021-09-29 23:11,12,1,0
2021-09-29 23:11,13,15,0
2021-09-29 23:11,19,2,0
2021-09-29 23:11,22,40,1
2021-09-29 23:11,27,4,0
2021-09-29 23:16,2,22,0
2021-09-29 23:16,3,11,0
2021-09-29 23:16,4,22,1
2021-09-29 23:16,6,11,1
2021-09-29 23:16,7,128,0
2021-09-29 23:16,10,10,0
2021-09-29 23:16,12,1,0
2021-09-29 23:16,13,15,0
2021-09-29 23:16,19,2,0
2021-09-29 23:16,22,40,0
2021-09-29 23:16,27,4,0
2021-09-29 23:21,2,22,1
2021-09-29 23:21,3,10,0
2021-09-29 23:21,4,21,0
2021-09-29 23:21,6,8,0
2021-09-29 23:21,7,130,2
2021-09-29 23:21,10,10,0
2021-09-29 23:21,12,1,0
2021-09-29 23:21,13,15,0
2021-09-29 23:21,19,2,0
2021-09-29 23:21,22,40,0
2021-09-29 23:21,27,4,0
2021-09-29 23:26,2,22,4
2021-09-29 23:26,3,9,1
2021-09-29 23:26,4,21,0
2021-09-29 23:26,6,7,0
2021-09-29 23:26,7,130,0
2021-09-29 23:26,10,10,1
2021-09-29 23:26,12,0,0
2021-09-29 23:26,13,15,0
2021-09-29 23:26,19,2,1
2021-09-29 23:26,22,40,0
2021-09-29 23:26,27,4,0
2021-09-29 23:31,2,23,2
2021-09-29 23:31,3,9,1
2021-09-29 23:31,4,20,0
2021-09-29 23:31,6,7,0
2021-09-29 23:31,7,130,0
2021-09-29 23:31,10,10,0
2021-09-29 23:31,12,0,0
2021-09-29 23:31,13,15,0
2021-09-29 23:31,19,1,0
2021-09-29 23:31,22,39,0
2021-09-29 23:31,27,4,0
2021-09-29 23:36,2,22,4
2021-09-29 23:36,3,5,0
2021-09-29 23:36,4,20,0
2021-09-29 23:36,6,7,0
2021-09-29 23:36,7,130,0
2021-09-29 23:36,10,10,0
2021-09-29 23:36,12,0,0
2021-09-29 23:36,13,16,1
2021-09-29 23:36,19,1,0
2021-09-29 23:36,22,39,0
2021-09-29 23:36,27,4,0
2021-09-29 23:41,2,21,1
2021-09-29 23:41,3,6,1
2021-09-29 23:41,4,18,1
2021-09-29 23:41,6,8,1
2021-09-29 23:41,7,130,0
2021-09-29 23:41,10,8,0
2021-09-29 23:41,12,0,0
2021-09-29 23:41,13,13,0
2021-09-29 23:41,19,1,0
2021-09-29 23:41,22,38,0
2021-09-29 23:41,27,4,0
2021-09-29 23:46,2,21,1
2021-09-29 23:46,3,5,0
2021-09-29 23:46,4,18,1
2021-09-29 23:46,6,8,0
2021-09-29 23:46,7,130,0
2021-09-29 23:46,10,8,0
2021-09-29 23:46,12,0,0
2021-09-29 23:46,13,12,0
2021-09-29 23:46,19,1,0
2021-09-29 23:46,22,36,0
2021-09-29 23:46,27,3,0
2021-09-29 23:51,2,21,0
2021-09-29 23:51,3,5,0
2021-09-29 23:51,4,17,1
2021-09-29 23:51,6,9,1
2021-09-29 23:51,7,130,0
2021-09-29 23:51,10,8,0
2021-09-29 23:51,12,0,0
2021-09-29 23:51,13,12,0
2021-09-29 23:51,19,1,0
2021-09-29 23:51,22,35,0
2021-09-29 23:51,27,3,0
2021-09-29 23:56,2,20,0
2021-09-29 23:56,3,5,0
2021-09-29 23:56,4,15,0
2021-09-29 23:56,6,9,0
2021-09-29 23:56,7,131,1
2021-09-29 23:56,10,8,0
2021-09-29 23:56,12,0,0
2021-09-29 23:56,13,11,0
2021-09-29 23:56,19,1,0
2021-09-29 23:56,22,35,0
2021-09-29 23:56,27,3,0
